doc_id,date,doc_type,speaker,speaker_role,turn_idx,turn_type,chunk_id,chunk_uid,start_sent_idx,end_sent_idx,n_sentences,text
BoE_201502_opening,20150212,opening,Governor,governor,0,opening,0,BoE_201502_opening_0,0,58,53,"1 INFLATION REPORT PRESS CONFERENCE Thursday 12th February 2015 Opening Remarks by the Governor Today's Inflation Report headlines are relatively straightforward. Inflation is at its lowest level since the introduction of Inflation Targeting two decades ago. It will likely fall further, potentially turn negative in the spring, and be close to zero for the remainder of the year. As a consequence, I have written the first open letter from a Governor to the Chancellor explaining why inflation is so low and what the MPC is going to do about it. And I will likely write a few more before the year is out. But as unusual as that is, it arguably isn't the main story. The headlines today mask stronger underlying dynamics which will determine UK output and inflation tomorrow. Growth in the global economy was a touch stronger last year than we had expected in November. And the outlook for the UK's trading partners is virtually unchanged since our last forecast. Despite renewed headwinds from geopolitics and deleveraging, modest global growth is expected to continue, reflecting three factors. As these falls are more likely to reflect changes to the actual and potential supply of crude than reductions in demand for it, this development is unambiguously positive for the global economy. Second, central banks around the world have provided additional stimulus. Most notably, recent ECB actions should provide much needed support to activity in our largest trading partner. Third, partly as a consequence, global real interest rates have fallen further. And, notwithstanding increases in market volatility, financial conditions have improved on balance. In the United Kingdom, output growth remains solid and domestic demand growth robust. Unemployment has continued to fall, reaching its lowest level for more than six years, with half a million new jobs created in the past year. The margin of slack in the economy has narrowed further as expected. And as the labour market has tightened, growth rates of wages and unit labour costs are beginning to pick up. 2 The combination of rising wages and falling energy and food prices will help household finances and boost the growth of real take home pay this year to its fastest rate in a decade. As demonstrated by the recent Bank of England stress tests, the core of our financial system is increasingly resilient and functioning well. Access to credit continues to improve and many borrowing rates are at or near historical lows. The result of these underlying dynamics is that today's projection for GDP growth is stronger than in November. With that context, let me now turn to the open letter, starting with why is inflation so low. The MPC estimates that two-thirds of the gap between the current inflation rate and the target is explained by sharp falls in food and energy prices. As I have explained, this is generally good news for British households. Commodity prices do not, however, wholly explain why inflation is so low. The balance of the gap from target is the result of subdued generalised inflationary pressures. This reflects a long period in which unemployment has been high and wage growth muted as well as the remaining degree of slack in the economy, currently judged to be in the region of ½ per cent. The MPC's job is to provide clarity on the horizon over which it is aiming to bring inflation back to the target and then take the necessary actions to achieve it. We care as much about inflation below target as above. Our remit is clear that the inflation target applies at all times but it recognises that there will be occasions when inflation will deviate from the target. It takes time for monetary policy to affect the economy - its peak effect is generally estimated between 18 and 24 months - so the MPC can do little to offset the effects of recent falls in energy and food prices on headline inflation. With the effects of these large, one-off falls in prices likely to dissipate in around a year, we will look through them. With inflation below target and unemployment above its long-run sustainable rate, there is no immediate trade-off between returning inflation to target and supporting economic activity. In fact, to return inflation to target it is necessary to eliminate the remaining degree of economic slack. This makes it appropriate to return inflation to the target as quickly as possible after the effects of energy and food price movements have abated. In the MPC's judgment, the appropriate time horizon to do that is within the next two years. 3 This can be accomplished by adjusting the pace and degree of Bank Rate increases in coming years. Indeed, reflecting a broad understanding of our reaction function and the forces affecting inflation in the UK, market expectations of Bank Rate increases have fallen notably since November. The inflation forecast in today's Report shows inflation coming back to the target within two years and then rising a little further. That forecast assumes Bank Rate follows the path implied by market yields: gradual and limited increases over the forecast horizon. That a gently rising path of Bank Rate delivers inflation to the target reflects the underlying dynamics of the economy. With sustained growth, supported by robust real income growth and a subdued, but steady, global recovery, unemployment continues to fall to its pre-crisis rate of around 5%. The remaining slack in the economy is eliminated by the middle of the forecast period. On the upside, the MPC is alert to the risk that lower oil prices provide a greater-than- assumed stimulus to real incomes and to demand, or that slack in the economy is absorbed faster than in the central case. If these risks were to materialise, it could be appropriate for Bank Rate to rise more quickly than implied by current market yields. On the downside, the MPC is vigilant to the risks of disappointing global growth or any signs that low inflation begins to affect inflation expectations and wage growth, and therefore becomes self-reinforcing. Were these downside risks to materialise, the Committee could adjust the pace and degree of Bank Rate increases, expand the Asset Purchase Facility, or cut Bank Rate further towards zero. The MPC judges the risks to today's forecast to be broadly balanced. Whatever transpires, the Bank has the means, the will and the responsibility to set monetary policy to achieve the target over an appropriate horizon. British workers and employers can count on that as they make important decisions about wages, hiring and investment. The prospect of limited and gradual rate increases may not make the headlines, but they will likely be consistent with the continued normalisation of the UK economy and with meeting the 2% inflation target."
BoE_201502_transcript,20150212,transcript,Mark Carney,governor,1,opening,0,BoE_201502_transcript_0,0,16,14,"Well, recognising that this is a hypothetical question, you know, would a change in Greece's position have an impact on the forecast? Would it have the same impact on the UK economy as it would have had in 2012? They include differences to the institutional arrangements in the euro area, both facilities at the level of the euro area, but obviously importantly facilities announced by the ECB - I'm speaking specifically of OMTs, and of course coupled with the demonstrated willingness of the ECB to use its full toolkit, as appropriate, to meet its remit. There are also differences since 2012 in terms of the track records of the various economies - so-called peripheral economies - within the eurozone. And those differences in track records are certainly reflected in market yields. You've seen yields on 10-year bonds of Ireland, Italy, Spain, Portugal, etc., tighten over the course of the last several months as these issues have risen up the focus of markets, at the same time that obviously Greek spreads have moved further out. And the third reason why things were different is that the scale of private sector exposure to Greece, both within the euro area and certainly from the UK financial system, has gone down. And on that last point, just to be clear, I mean, one of the advantages of the structure of the Bank is that we're obviously the prudential supervisor as well as the monetary authority. And so we have direct line of sight into the exposures of our largest financial institutions to Greece. And I can tell you that the level of that exposure is less than 2% of common equity, and it has been coming down. So I'm speaking specifically about the UK banking system here. So for all those reasons there's a different order of magnitude. But it would have an impact, and we would have to assess that impact at the time. And, as I said in my opening comments, we do have the means and the will, and obviously the responsibility, to take whatever action is necessary in any eventuality, in order to bring inflation back to target within a reasonable time horizon."
BoE_201505_opening,20150513,opening,Governor,governor,0,opening,0,BoE_201505_opening_0,0,17,18,"1 INFLATION REPORT PRESS CONFERENCE Wednesday 13th May 2015 Opening remarks by the Governor Sometimes predictions do come true. For example, as the MPC predicted three months ago, today I have had to write the second in what is likely to be a sequence of open letters to the Chancellor. That's because, as expected, inflation fell to zero in March, two percentage points below the target and the lowest since official CPI data began. As was the case in February, the single most important reason for below-target inflation has been the sharp drop in energy prices. In March, oil was around 40% cheaper than in the middle of last year and the price of petrol at the pump has fallen by more than a tenth. Food prices have also dropped, and sterling's appreciation over the past two years has continued to depress import prices. Taken together, these factors explain around three quarters of the shortfall in inflation from target, with the remainder reflecting subdued growth in domestic costs, particularly wages. The MPC expects the impact of past falls in commodity prices to be relatively short lived and will therefore look through them in setting policy. Although it could temporarily turn negative in the near term, inflation is expected to pick up notably towards the end of the year as the past falls in prices drop out of the annual comparison. Recent developments support the MPC's view that a temporary period of falling prices, driven by a few components of the CPI, should not be mistaken for the potentially damaging process of widespread and persistent deflation. The proportion of the CPI's components showing positive inflation is much the same as it was during the decade prior to the crisis. More fundamentally, the economy is growing, unemployment is falling, earnings growth is improving and there is no evidence of household spending being delayed. Given that inflation expectations remain broadly consistent with the 2% target, the more enduring influences on UK inflation will be the evolution of domestic costs, particularly wages relative to productivity, and the likely persistent drag from the strength of sterling, which has risen around 6% in the past year and 18% since its trough. These influences are currently weighing on core inflation, which fell to 1 per cent in March, and is expected to remain subdued for most of the year. The MPC's strategy for returning inflation to target remains the same as in February: namely, to set policy to support the rise in domestic costs needed to return inflation to target within two years. 2 The appropriate path for Bank Rate will hinge crucially on the outlook for supply. The composition of supply growth is expected to shift notably over the forecast horizon as slack in the labour market is eliminated and productivity finally begins to pick up. After a comprehensive review, the MPC judges that current slack in the economy is around ½ per cent of GDP."
BoE_201505_opening,20150513,opening,Governor,governor,0,opening,1,BoE_201505_opening_1,18,54,32,"The MPC expects that remaining spare capacity to be absorbed within the next year. In recent years labour supply has expanded significantly owing to higher participation rates among older workers, a greater willingness to work longer hours and strong population growth, partly driven by higher net migration. These positive labour supply shocks have contained wage growth in the face of robust employment growth. Wages have grown by around 2% in the past year - less than half the average rate before the global financial crisis - and a key risk is that these subdued growth rates continue. Such strong growth in labour supply is unlikely to be sustained. Going forward, growth in the UK economy's potential will increasingly depend on productivity. In the medium term, productivity growth - doing more with less - is the key determinant of income growth. Productivity, though, is not something that monetary policy determines, and among the many uncertainties we face, the timing and extent of any prospective pick-up in productivity growth remains our most difficult judgement. One insight from our review of supply is that over the past year, some of the weakness in measured productivity reflects so-called compositional effects: there has been disproportionate growth in relatively low productivity jobs, partly reversing what occurred when unemployment rose sharply. And in light of that, we have become even more conservative in our forecast for renewed productivity growth. Productivity is projected to grow only modestly in the year ahead, before returning towards, but remaining below, past average growth rates. They include the lessening of compositional effects, a pick-up in the reallocation of resources to new and more dynamic firms, and the effects of the investment recovery coming through. On the demand side, the expansion is set to reaccelerate following a slightly softer than expected first quarter. Household spending should continue to be supported this year by the boost to real take-home pay from lower food and energy prices. Over the 3 balance of the forecast, wage growth is expected to accelerate as compositional effects fade and the pick-up in productivity supports higher labour compensation. Higher demand, accommodative financial conditions and emerging capacity constraints should encourage continued investment growth outside the extraction sector. The MPC expects the global economy to expand at a steady not spectacular rate, with the principal risks to growth rotating from advanced to emerging economies. The most significant development in recent months has been the increased momentum in our main trading partner, the euro area. European activity should be supported by the ECB's Quantitative Easing, which the MPC judges to be net positive for UK growth. ECB action, improvements in euro area fundamentals, and very limited UK exposure, mean that any intensification of the Greek crisis would likely have only a modest downward impact on UK GDP. Overall, despite a moderately weaker outlook for demand growth relative to our February Inflation Report, a similarly weaker outlook for supply means we continue to expect a sufficient firming in inflationary pressures to return to target within two years. Beyond that, and conditional on the gently rising path for Bank Rate implied by market yields, inflation is expected to rise a little above the target. With the closing of the output gap in sight, the question of the level of the equilibrium interest rate - the rate required to keep the economy operating at capacity and inflation at the target - comes into sharper focus. Perhaps the most important legacies of the financial crisis are the persistent headwinds which continue to weigh on the UK economy from weaker global demand, sustained fiscal consolidation, ongoing private deleveraging and, with time, higher financial intermediation costs. The MPC has long expected that these headwinds will likely merit not only a more gradual rate of increase in Bank Rate than in previous cycles, but also require levels of Bank Rate to remain below average historical levels for some time to come. At our most recent meeting the MPC noted that it was uncertain why the yield curve had flattened further over the past year beyond our three-year forecast horizon. In this context, the direction of recent moves in advanced economy bond markets are not particularly surprising. Last week, we were reminded of the difficulties in forecasting the outcomes of complex, interacting systems. Today, the MPC is setting out our latest best collective judgement for the outlook for the economy. As illustrated by the fan charts around it and my comments this morning, this forecast is subject to considerable uncertainties and will inevitably be buffeted by domestic and international shocks. 4 That's why the MPC votes frequently so that we can respond to events and act to deliver the price stability upon which British households and firms depend. This provides the best environment for the ingenuity and creativity of the British people to flourish and drive the sustained rise in living standards to which we all aspire."
BoE_201505_transcript,20150513,transcript,Mark Carney,governor,1,opening,0,BoE_201505_transcript_0,0,9,10,"Well, Richard, we forecast many things, but we don't forecast political outcomes; we take them as they come and then we adjust to the consequences of those decisions. So if the people - whether it's the people of Scotland, the people of the United Kingdom, people of Greece, etc. The most important stance of policy in general, for monetary policy, over the monetary policy horizon, is the stance of fiscal policy. We take the stance of fiscal policy as given, and then we optimise monetary policy around that. This forecast is consistent with the most recent budget of the last government. As I indicated in my comments, there is persistent fiscal drag in this forecast, just as there has been over the last several years. That's one of the headwinds that weighs on the economy. It's one of the reasons why the path of Bank Rate, when it does rise, is likely to move at a gradual pace and to a limited extent. The other point I would make in terms of overall policy is that there are a host of policies and decisions, both within the United Kingdom and abroad, that influence the productivity of this economy. And what you start to see in this forecast is the constraints of slower productivity, slower supply growth, on the pace of the expansion of the United Kingdom economy."
BoE_201508_opening,20150806,opening,Governor,governor,0,opening,0,BoE_201508_opening_0,0,17,18,"INFLATION REPORT PRESS CONFERENCE Thursday 6th August 2015 Opening remarks by the Governor Today marks a new approach to monetary policy communications at the Bank of England. By releasing simultaneously our Inflation Report together with the Minutes of the Committee's deliberations, we are ending the drip feed of information around monetary policy decisions. Instead, we are setting out our assessment of recent economic developments and future prospects in a comprehensive fashion. One decision; with the forecast and all the supporting analysis released simultaneously. At this press conference we will, as usual, present the MPC's best collective judgement and speak for the Committee as a whole. At its meeting yesterday, the MPC voted by a majority of 8-1 to maintain Bank Rate at 0.5%. The Committee voted unanimously to maintain the stock of purchased assets financed by the issuance of central bank reserves at £375 billion. And it reaffirmed its expectation that when Bank Rate rises occur they can be expected to be limited and gradual. The most striking development in the UK in the past year has been the fall in CPI inflation, which edged back down to zero in June. As set out in my latest in an expected sequence of open letters to the Chancellor, around three quarters of the deviation of inflation from the 2% target reflects unusually low contributions from energy, food, and other imported goods prices. The remaining part of the undershoot reflects the past weakness of domestic cost growth, and wages in particular. The combined weakness in domestic costs and imported goods prices is evident in subdued core inflation, which is currently around 1%. With some underutilised resources remaining in the economy and with inflation below target, the Committee is setting monetary policy to ensure growth is sufficient to absorb the remaining economic slack and to generate the rise in domestic costs needed to return inflation to the target within two years. Conditional upon Bank Rate following the gently rising path implied by market yields, the Committee judges that this objective will likely be achieved. Demand outlook The Committee projects UK-weighted world demand to expand at a moderate pace - about ¾ of a percentage point below historic averages in this year. The composition of that growth is rotating from emerging to advanced economies. Despite steady global growth, UK exports will still be held back by the strength of sterling. Risks to global growth are judged to be skewed moderately to the downside reflecting risks to activity in the euro area and China."
BoE_201508_opening,20150806,opening,Governor,governor,0,opening,1,BoE_201508_opening_1,18,48,30,"At home, private domestic demand growth is robust and expected to remain so. This year, household spending has been supported by the boost to real incomes from lower food and energy prices. More recently, wage growth has begun to pick up as the labour market has tightened and productivity has strengthened. Consumer confidence remains its highest for over a decade, and credit conditions have continued to improve, with historically low mortgage rates boosting activity in the housing market. Business investment has made a substantial contribution to growth in recent years. Surveys suggest this will continue, thereby helping to return productivity growth towards historical averages. Inflation outlook The near-term outlook for inflation is muted and the falls in energy prices over the past few months will continue to bear down on inflation at least until the middle of next year. Nonetheless, a range of measures suggest that medium-term inflation expectations remain well anchored. There is little evidence in either wage settlements or spending patterns of any deflationary mind set among businesses and households. Sterling has appreciated by 3½% since May and 20% since its trough in March 2013. The drag on import prices from this appreciation will continue to push down on inflation for some time to come, posing a downside risk to its near-term path in particular. Set against that, the degree of slack in the economy has diminished substantially over the past two and a half years. The unemployment rate has fallen more than 2 percentage points since the middle of 2013, and the ratio of job vacancies to unemployment has returned from well below to around its pre- crisis average. Robust private domestic demand is expected to be sufficient to eliminate the remaining margin of spare capacity-judged to be around ½% of GDP-over the next year or so, despite the continuing fiscal consolidation and modest global growth. The closing of the output gap, in turn, should generate the rise in domestic costs necessary to counterbalance the drag on price pressures from sterling, and so return inflation to the target in the medium term. Policy outlook The MPC's projections are conditioned on Bank Rate following the gently rising path implied by market yields. Under this assumption, demand growth is expected to be sufficient to return inflation to the target within two years. Inflation then moves slightly above the target in the third year of the forecast period as sustained growth leads to a degree of excess demand. Underlying those projections are significant judgements in a number of areas, as set out in the Report. These include the degree to which risks to global growth are contained, the prospects for private domestic demand, the outlook for wage and productivity growth, and the extent to which the external factors currently weighing on inflation dissipate. In any of these areas, developments might easily turn out differently than assumed with implications for the outlook for growth and inflation, and therefore for the appropriate stance of monetary policy. The Committee will continue to monitor closely the incoming data in tracking these key judgements and will adjust monetary policy as appropriate in order to meet the 2% target in the medium term. As the UK expansion progresses, speculation about the precise timing of the first move in Bank Rate is increasing. This is understandable and is another welcome sign of the economy returning to normal. The likely timing of the first Bank rate increase is drawing closer. However, the exact timing of the first move cannot be predicted in advance; it will be the product of economic developments and prospects. The MPC will monitor developments relative to the forecast in particular wage growth, productivity, core inflation, import prices and risks to the international environment. The path of rates is much more important than the precise timing of the first increase. Given the likely persistence of the headwinds facing the economy the MPC expects Bank Rate increases, when they come, to be gradual, and to be limited to a level below past averages. By acting in this manner, the MPC can secure the expansion and build on the hard-won gains of recent years."
BoE_201508_transcript,20150806,transcript,Mark Carney,governor,1,opening,0,BoE_201508_transcript_0,1,11,10,"First, the near-term outlook for inflation is muted, as I said, and it wouldn't be surprising if we have another month or two of negative inflation, given the very substantial moves in oil prices and the changes to some of the utility prices as well. We've seen big moves in oil, big moves in other commodities, but also some changes to utility prices. It makes a real difference to households in terms of their disposable income. But they're one-off effects, so we put them into our near-term forecast. They won't be around - those effects in inflation won't be around in the 18 to 24 month horizon over which we can influence the rate of inflation. So our expectation is that the rate of inflation is going to pick up, and the issue for the MPC is to ensure that it picks up in a sustainable manner - that it first gets back to target in a timely fashion (we say within two years). But we don't want it just to get back to target in order to shoot through the target. We want it to get back to target and, all things being equal, to keep it at the target of 2%. So it will be consistent, in our judgement - our best collective judgement, in order to achieve that, it will be consistent with rate increases - to a limited and gradual extent, but also rate increases the timing of which, in our judgement, has moved closer than the time that was in May. Because this is not just about inflation, as you know, over the course of the next few months, but inflation for the medium term, so people don't have to worry about inflation, so people can enjoy the dividend, if you will, of lower petrol prices, lower food prices today, without worrying about a payback in the medium term."
BoE_201511_opening,20151105,opening,Governor,governor,0,opening,0,BoE_201511_opening_0,0,20,17,"INFLATION REPORT PRESS CONFERENCE Thursday 5th November 2015 Opening Remarks by the Governor Remember, remember, the fifth of November. I have written another open letter to the Chancellor explaining why and what we intend to do about it. The MPC has voted again by a majority of 8-1 to maintain Bank Rate at 0.5% and by 9-0 to maintain the stock of purchased assets at £375 billion. And once again, as it has since February of last year, we have reaffirmed our expectation that, when Bank Rate rises occur, they can be expected to be limited and gradual. More fundamentally, monetary policy must continue to balance two fundamental forces - domestic strength and foreign weakness - in order to return inflation to target in a sustainable manner. So, despite significant market volatility at times, developments since August have left our broad narrative intact. However, recent events have also highlighted some nuances around this story. Let me begin with the global picture, where the most important developments lie. 2 Global outlook The outlook for global growth has weakened since August. Many emerging market economies have slowed markedly this year, and the Committee has downgraded its assessment of their medium-term growth prospects. While growth in advanced economies has continued and broadened, particularly in the euro area, the Committee nonetheless expects the overall pace of UK-weighted global growth to be more modest than had been expected in August. There remain downside risks to our global outlook, including a more abrupt slowdown in China as authorities attempt to rebalance demand, and in emerging economies more broadly, given high levels of debt and vulnerability to capital outflows. A crystallisation of these risks would slow UK growth - both through trade channels and through the effects on domestic spending of lower asset prices and depressed sentiment. Reflecting concerns about the global outlook, risky asset prices have fallen since August, and there have also been sizeable declines in the yields on safe assets. In part, that reflects genuinely lower expectations for the future path of Bank Rate. But in part it also likely reflects a greater preference among investors to hold safe assets, hedging the possibility of more extreme outcomes. Domestic outlook In contrast to the global picture, private domestic demand remains resilient, despite ongoing fiscal consolidation."
BoE_201511_opening,20151105,opening,Governor,governor,0,opening,1,BoE_201511_opening_1,21,39,18,"Consumer confidence is firm, real income growth is 3 expected to be the strongest since the crisis, and firms' investment intentions remain robust. Although it has moderated recently to around trend rates, economic growth is projected to pick up a little towards the middle of next year as a tighter labour market and stronger productivity support real incomes and consumption. Accommodative credit conditions are expected to encourage strong investment and a pick-up in the housing market. As usual, there are risks around the expected path for domestic activity. To the downside, domestic demand could grow less strongly if households and firms build precautionary savings in the light of greater global uncertainty. To the upside, firms' investment spending could grow more quickly given the shortfall of capital spending during the crisis, or household consumption could grow even more rapidly given supportive borrowing rates. Taken together, the Committee judges the risks to domestic demand to be broadly balanced. Inflation outlook The outlook for inflation reflects the balance between persistent drags from factors such as sterling and world export prices, and prospective further increases in domestic cost growth. Those external factors are dominant in the September CPI data, in which inflation stood at -0.1%, slightly over two percentage points below the inflation target. As set out in my letter to the Chancellor published today alongside our Report, around four- 4 fifths of the deviation from the target reflects falls in energy, food and other imported goods prices, with the remainder reflecting subdued domestic cost growth. The combined weakness in domestic costs and imported goods prices is evident in subdued measures of core inflation, which at around 1%, are rising at similar rates as at the time of our August Report. These include the effects of sterling's past appreciation and foreign disinflation. The prospects for inflation reflect the balance of the drag from these persistent factors with prospective further increases in domestic cost growth. The unemployment rate has fallen by three percentage points since its peak, and now stands at around 5 ½ per cent. Robust private domestic demand is expected to produce sufficient momentum to eliminate the margin of spare capacity that remains over the next year. Domestic cost pressures are expected to build as a result of a pick-up in wage growth relative to productivity growth. CPI inflation is nonetheless likely to remain below 1% until the second half of next year, reflecting the continuing drag from commodity and other imported goods prices. Beyond that, the dampening influence of sterling's past appreciation on inflation is expected to persist, with it likely still affecting inflation in two years' time."
BoE_201511_opening,20151105,opening,Governor,governor,0,opening,2,BoE_201511_opening_2,40,56,16,"A summary of the extensive analysis underlying this judgement is set out in today's Report. 5 Policy outlook The MPC's objective is to return inflation to target sustainably; that is, without overshooting the target once persistent disinflationary forces ultimately wane. Given these considerations, the MPC intends to set monetary policy to ensure that growth is sufficient to absorb remaining spare capacity in a manner that returns inflation to the target in around two years - and keeps it there in the absence of further shocks. In the Committee's judgement, the lower path for Bank Rate implied by market yields would provide more than adequate support to domestic demand to bring inflation to target even in the face of global weakness. Were Bank Rate to follow that very gradually rising path, the MPC's best collective judgement is that inflation would slightly exceed the 2% target in two years and then rise a little further above it, reflecting modest excess demand. The risks to this projection lie slightly to the downside in the first two years, reflecting global factors. That is consistent with a market view that may assign some risk to a sharper deterioration in global conditions. Underlying those projections are significant judgements in a number of areas, as described in the November Inflation Report. In any one of these areas, developments might easily turn out differently than assumed with implications for the outlook for growth and inflation, and therefore for the appropriate stance of monetary policy. Reflecting that, there is a range of views among MPC members about the balance of risks to inflation relative to the best collective judgement presented in the November Report. 6 All members agree that, given the likely persistence of the headwinds weighing on the economy, when Bank Rate does begin to rise, it is expected to do so more gradually and to a lower level than in recent cycles. The actual path Bank Rate will follow over the next few years will depend on the economic circumstances. Finally, given the prospects for future increases in Bank Rate, today the Committee is giving further guidance about the future path for the stock of assets held by the Bank under the Asset Purchase Facility. As described in the Inflation Report, the MPC's preference is to use Bank Rate as the active marginal instrument for monetary policy, and expects to maintain the stock of purchased assets at £375 billion until Bank Rate has reached a level from which it can be cut materially. The MPC currently judges that such a level of Bank Rate is around 2%. This further supplements the Committee's forward guidance framework, which has included general guidance on the APF, since it was originally announced in August 2013."
BoE_201511_transcript,20151105,transcript,Mark Carney,governor,1,opening,0,BoE_201511_transcript_0,0,20,16,"Yes, well there's a few things that have changed and your question allows me to draw them out more clearly. First, with respect to what's happened in markets - and I should make it absolutely clear (I know you know this, Richard, but just for everybody) that what we use to condition our forecast is the 15-day moving average of market prices and we fix that at a point which was Thursday of last week, I believe - right? There's been some subsequent moves in markets; we don't do a real time update. And over that period, at least the average over that period showed, as you suggest, quite notable falls in risk-free assets and an implied move-out in the date when interest rates would begin to rise in the UK. But there also had been quite sharp sell-offs in risky assets. Bank funding spreads had gone up notably, credit spreads had gone up, equity markets had sold off quite significantly. There's been a big unwind of some of those moves in the last few days. But the point being that first, from a financial conditions perspective as a whole, it wasn't unalloyed good news; in other words it just wasn't the improvement or the lowering of the yield curve which of course is, all things equal stimulative, there was actually a lot taken away from changes in the risky asset prices. And both of those was the opposing forces I referred to in my initial remarks. The second thing that has changed since August is the outlook for global growth, our outlook for global growth, particularly for emerging markets. Now there's been a lot of news in terms of actual performance in emerging markets, as you're aware, but we also used this last three months to take an assessment of the medium-term prospects for emerging economies. The net result of that, even though emerging economies aren't that big a proportion of demand for UK goods, is a mark-down on level terms for UK-weighted global growth of about three quarters of a percentage point two years out. It's almost exclusively because of emerging markets; it flows through a bit through the advanced economies, but again, as I referenced in my opening remarks and as you see in the Report, our view is pretty constructive on the outlook for our major advanced trading partners. The third aspect I'll draw attention to - and I won't go into detail, subject to subsequent questions, is we've refined our estimates of pass-through from exchange rates both into import prices and, as they flow through, into final consumer prices. And so you have an element of the persistence there. Now that, wrapped it all together, had a consequence not just for the forecast, but also for how we think about the optimal trade-off of bringing inflation back to target."
BoE_201602_opening,20160204,opening,Governor,governor,0,opening,0,BoE_201602_opening_0,0,31,32,"1 INFLATION REPORT PRESS CONFERENCE Thursday 4th February 2016 Opening remarks by the Governor Good afternoon. At its meeting yesterday, the Monetary Policy Committee (MPC) voted 9-0 to maintain Bank Rate at 0.5% and the stock of purchased assets at £375 billion. When Bank Rate first reached this level almost seven years ago, the global economy had stalled, financial markets had plummeted, the UK banking system was in crisis, and its private domestic demand was collapsing. Yesterday's decision was taken amid sluggish global growth, turbulent financial markets, but the ongoing resilience of the UK financial system and its private domestic demand. Those distinctions explain the difference between the outlook then for a recession and now for a continued, solid expansion. Global outlook Global growth has slowed again over the past few months, as emerging economies decelerated further and the US economy grew less than expected. It is now expected to remain around 1 percentage point below past averages this year, despite the boost 2 to real incomes in advanced economies from lower oil prices and the slight easing of fiscal policy in the US and euro area. Further ahead, growth in the UK's main trading partners is expected to remain well below past averages, reflecting the balance of steady growth in advanced economies and an eventual slow, modest recovery in emerging markets. For some time, the MPC has identified downside risks to global growth from deteriorating prospects in emerging market economies. These include: - the ongoing challenges of economic rebalancing in China; - the impact of sharply lower export prices for commodity producers; and - a reversal of capital flows and a marked tightening of financial conditions. As these risks have begun to materialise, global financial conditions have deteriorated notably, including widespread falls in advanced economy equities, rises in corporate bond spreads, and notable increases in market volatility. Domestic outlook These developments pose downside risks to growth in the UK via trade, financial and confidence channels. The outlook for trade is particularly challenging, with net exports expected to drag on UK growth over the forecast period. However, there are three domestic offsets to the tightening of global financial conditions. 3 - First, sterling has fallen 3½% since November, the largest decline between Inflation Reports since the crisis. - Second, the gilt yield curve has fallen further, with UK ten-year rates down 25 basis points since November. - And third, the UK financial system is now resilient. In this last regard, it is important to recall that major UK banks are well capitalised taking into account the results of the Bank of England's 2015 stress test, which focussed on a much more severe shock to Chinese and emerging market growth, sharply higher spikes in financial market volatility and steeper falls in risky asset prices. This means that banks are much less likely to amplify such stresses and are likely to be much more able to continue lending to the real economy, even if global conditions were to deteriorate further. The resilience of the UK financial sector is matched by the resilience of UK private domestic demand. Despite the slight slowing in the pace of UK growth last year and the prospects for a referendum this year on the UK's membership of the EU, indicators of household and business confidence currently remain robust. After seven lean years, real incomes picked up sharply last year - supported by both record-high employment and lower food and energy prices - and they are expected to grow solidly going forward. Business investment growth has been well above its pre-crisis average, with firms investing to meet rising demand while benefiting from favourable credit conditions. With the understandable exception of the oil and gas sector, such strong growth is expected to continue; given high returns on capital and limited spare capacity. 4 Overall, given global weakness, somewhat more modest wage growth and accelerating fiscal consolidation, the overall pace of growth in the UK is expected to dip below past averages this year, before returning to around 2½% thereafter, as a tighter labour market and rising productivity support real incomes and consumption, and spur business investment. This more modest profile for demand compared with our last Report is matched by a lower, but still solid, path for supply growth. Developments on the supply side reflect an economy that's moving from a period of exceptionally rapid employment growth and unusually slow productivity growth to one where growth in both reverts to more normal and sustainable rates. With 1 ½ million jobs created over the past three years, unemployment has fallen 3 percentage points to around 5%. Job vacancies relative to unemployment are now back at pre-crisis levels, and people are moving between jobs more frequently. Given the resilience of the labour market, the MPC now expects the average hours that people work to resume their pre-crisis downward trend, reflecting the higher job security and a further normalisation of working patterns. As labour supply growth has slowed, productivity growth has picked up, with last year's hourly productivity growth probably the fastest in four years. The MPC expects potential supply growth to rise steadily over the forecast as this pickup in structural productivity growth largely offsets the reversion of labour supply growth to normal rates."
BoE_201602_opening,20160204,opening,Governor,governor,0,opening,1,BoE_201602_opening_1,33,53,21,"Inflation outlook As set out in my open letter to the Chancellor today, by far the most important reason for low inflation remains the sharp falls in commodity prices globally. Since our November Report, oil is down by another third. The scale of the most recent commodity price falls means that CPI inflation is likely to remain low for much of this year. However, with momentum from private demand expected to eliminate the economy's margin of spare capacity this year, domestic cost growth should rise. As the drag from external factors wanes, increasing domestic cost pressures are expected to be more than sufficient to return inflation to the 2% target by the start of 2018. In the near term, the MPC judges the risks to inflation to lie to the downside. That reflects the possibility that wage pressure takes a little longer to build following a period of low headline inflation. However, the mechanical return to higher rates of inflation as past falls in energy prices drop from the annual comparison should in time reduce this risk. Moreover, the MPC judges that inflation expectations remain well anchored, though it is watchful for signs that low inflation is having more persistent second-round effects on wages. 6 Policy outlook Returning inflation to target requires balancing the protracted drags from sterling's past appreciation and lower commodity prices with expected increases in domestic cost growth. Fully offsetting the drag on inflation from external factors over the short run would involve too rapid an acceleration in domestic costs - one that would risk being unsustainable and would generate undesirable volatility in output and employment. Given these considerations, the MPC is setting policy to return inflation to the target in around two years and keep it there in the absence of further shocks. In the central case we set out today, one that is conditioned on a market path for Bank Rate that was around 20 basis points higher on average than last night's close, CPI inflation is likely to exceed the 2% target slightly at the two-year point and then rise further above it. As a consequence, the MPC judges that it is more likely than not that Bank Rate will need to rise over our forecast period. As always, there are both upside and downside risks to inflation. It could be higher if the recent weakness in wage growth reflects temporary factors obscuring the underlying tightness of the labour market. Equally, inflation could be lower if global risks crystallise more abruptly or if weak external price pressures further contribute to weaker wage growth. 7 In any event, the MPC stands ready to act to ensure inflation remains likely to return to the target in a sustainable fashion. We will do the right thing at the right time on Bank Rate. *** As one of the most open economies in the world, the UK cannot help but be affected by an unforgiving global environment and sustained financial market turbulence. However, our prospects for a continued solid expansion are underpinned by the resilience built over the past seven years: - a labour market with record-high employment; - strong private domestic demand reflecting improved private sector balance sheets, rising productivity and robust confidence; and - a financial system capitalised for severe emerging market stress so that it can continue to serve the real economy."
BoE_201602_transcript,20160204,transcript,Mark Carney,governor,1,opening,0,BoE_201602_transcript_0,2,11,9,"We've just released our forecast which, as I mentioned in my opening remarks, is conditioned on a market path of interest rates - and as I think you know, Ed, we use - as a convention, we use a 15-day average. So we didn't use last night's market path; we used the 15-day average up to finalising the forecast. And that 15-day average of the path of rates is rates sustained at current levels for a little while longer, and then gradually increasing father out over the horizon. And in using that market forecast, based on our central view of the economy, we actually don't achieve our objective. Inflation gets back to target, but then it rises above it. So there's not quite enough tightening in that market path that we used in order to do what the MPC is very clear - has been very clear about - is its objective, which is to return inflation to target in around two years and to keep it there - not to have an overshoot. And the reason why that's particularly important is - right now we have this circumstance, which we've been going through for most of the past year - a little more than the past year - where we have these disinflationary or deflationary pressures coming in from abroad, and we have a gradual build in domestic costs. Eventually those disinflationary pressures from abroad will wane; the domestic cost pressures are likely to sustain, if not build, and we need to time this and balance the two to not just bring inflation back to target, but to do so sustainably. So as I said, again, and we said in the Minutes and in the Monetary Policy Summary, and was clear in the letter to the Chancellor, the view is that more likely than not, the next move in rates is up, and that is consistent with the forecast, yes."
BoE_201605_opening,20160512,opening,Governor,governor,0,opening,0,BoE_201605_opening_0,0,13,12,"1 Inflation Report Press Conference Thursday 12th May 2016 Opening remarks by the Governor Good afternoon. Perspective After the worst financial crisis since the Great Depression, the United Kingdom's expansion finally took hold about three years ago. It was driven initially by sharp declines in economic uncertainty and significant improvements in credit conditions. The nascent recovery was reinforced by a more resilient banking system and accommodative monetary policy, with the MPC's forward guidance reassuring households and businesses that Bank Rate wasn't going to rise at the first signs of growth, thereby creating the confidence to spend, hire and invest. The recovery was supported by a large, positive supply shock - particularly a notable increase in the labour force participation rate. At over 3% annualised, the UK was the fastest growing economy in the G7 despite ongoing fiscal consolidation and persistent global weakness, with the growth of our trading partners running at only two-thirds of their pre-crisis average. With time, the boost from lower uncertainty faded, pent-up demand was largely spent, and consumption growth became increasingly supported by greater hours worked, a sharp pickup in real wages (largely due to commodity price falls), and lower saving rates. Business investment rose with demand and continued improvement in financial conditions. By early last year, growth had begun to slow to around 2½%, as the labour supply shock had largely run its course, and supply growth became more reliant on modest and somewhat erratic growth in productivity. 2 By the second half of last year, though still near the top of the G7, growth had moderated to around 2%, which is about the rate of potential supply growth. Outlook In the first quarter of this year, growth slowed further to around 1½% annualised and now appears to be decelerating again. This most recent weakness reflects in part the forthcoming referendum on the UK's membership of the European Union, which has pushed up uncertainty measures to levels not seen since the euro-area crisis."
BoE_201605_opening,20160512,opening,Governor,governor,0,opening,1,BoE_201605_opening_1,14,27,14,"The referendum makes describing the outlook for inflation more challenging than usual. That's because some asset prices used to condition the Committee's projections are likely to have been affected by market participants' perceptions of its consequences. The MPC estimates that referendum effects could account for around half of the 9% fall in the sterling exchange rate since its November 2015 peak, and we have decided not to let that part of the exchange rate's fall feed through to our growth or inflation projections. This judgement is consistent with the MPC's long-established convention to assume that government policy is followed. Specifically we have conditioned our projection on an assumed continuation of EU membership, and as a consequence the forecast also assumes that the current elevated levels of uncertainty unwind in the months that follow the referendum. In the Committee's central case, the outlook for inflation is in most respects similar to the one we described three months ago. The MPC continues to expect CPI inflation to pick up over the next year as the impact of past falls in commodity prices fades and as the effects of the earlier appreciation of sterling wane. The recovery in inflation is likely to be further supported by the recent sharp increase in oil prices and some additional stimulus from lower market interest rates. Moreover, if demand evolves as expected, the remaining spare capacity in the economy will likely be used up during 2016, in turn raising domestic costs. The Committee judges it likely that these factors will be sufficient to return inflation back 3 to 2% by mid-2018 and push it a little above the target thereafter, reflecting modest excess demand. The central projections set out in the Inflation Report today are conditioned on a gentle rise in interest rates over the forecast period. Under that central case, the MPC judges it more likely than not that Bank Rate will need to be higher at the end of that period than at present in order to return inflation to target in a sustainable manner. Our now-familiar forward guidance on limited and gradual rate increases and conditions for asset sales continues to hold. Risks to the outlook Now turning to the elephant in the room."
BoE_201605_opening,20160512,opening,Governor,governor,0,opening,2,BoE_201605_opening_2,28,55,26,"The MPC judges that the most significant risks to its forecast concern the referendum. With macroeconomic and financial indicators likely to be less informative than usual in light of the referendum, the Committee is currently reacting more cautiously to data releases than would normally be the case. There is a risk that we could be over- or under-estimating underlying momentum in the economy in the event of a vote to remain in the EU. More profoundly, a vote to leave the EU could have material economic effects - on the exchange rate, on demand and on the economy's supply potential - that could affect the appropriate setting of monetary policy. The recent behaviour of the foreign exchange market suggests that, were the UK to vote to leave the EU, sterling's exchange rate would fall further, perhaps sharply. This would likely be consistent with changes to some of the real fundamentals that drive sterling including the terms of trade, productivity, and risk premia. In isolation, a further fall in sterling would boost inflation over the policy horizon. Aggregate demand would also likely fall, relative to our forecast, in the face of tighter financial conditions, lower asset prices, and greater uncertainty about the UK's trading relationships. Global financial conditions could also tighten, generating potential negative spillovers to foreign activity that, in turn, could dampen demand for UK 4 exports. All else equal, lower aggregate demand would tend to reduce inflation over the policy horizon. However, over time, there may also be negative effects on aggregate supply, including slower capital accumulation and the need to reallocate resources across the economy in response to changing trading and investment patterns. On their own, such supply effects would tend to boost inflation over the policy horizon. The combination of these influences on demand, supply and the exchange rate could lead to a materially lower path for growth and a notably higher path for inflation than in the central projections set out in the May Inflation Report. In such circumstances, the MPC would face a challenging trade-off between stabilising inflation on the one hand, and stabilising output and employment on the other. The implications for monetary policy would not be automatic; its direction would depend on the relative magnitudes of the demand, supply and exchange-rate effects. Whatever outlook materialises, the MPC will determine the course for monetary policy that delivers the inflation target in a sustainable and timely manner, which generally means returning inflation to target within two to three years and keeping it there. Conclusion The people of the United Kingdom will make a significant decision on the 23rd of June. They will do so after considering a much broader range of issues than monetary and financial stability. Consistent with its remit, the MPC will address the consequences of that decision for growth and inflation over the monetary policy horizon. There are limits, however, to what monetary policy can deliver. When shocks drive demand below supply, monetary policy can soften the blow. When shocks drive supply below demand, monetary policy can make the unsustainable sustainable. Over the medium run, it can deliver a level of demand consistent with the path for supply in order to meet the inflation target. 5 But monetary policy cannot immediately offset all the effects of a shock. Neither is the path of supply nor the path of medium-term economic growth and its implications for jobs, wages, and wealth the gift of monetary policymakers. Whatever the outcome of the referendum, the Bank of England's best contribution to promote the good of the people of the United Kingdom will be to use all our tools to support financial stability and to chart the right path for inflation back to target."
BoE_201605_transcript,20160512,transcript,Mark Carney,governor,1,opening,0,BoE_201605_transcript_0,1,17,17,"We've published one forecast today, which as per convention, is based on government policy being followed. We always do that, and we have done it today. And that forecast is affected in the short term by uncertainty associated with the Referendum. I think we all know that, and we see it in a variety of indicators. And we believe that this uncertainty is influencing the slowdown, is one of the influences for the slowdown in the first quarter and a more marked slowdown, a more marked deceleration this quarter. But conditioned on that assumption of remaining, those uncertainty effects dissipate in subsequent months. And the actual forecast we have under Remain, I wouldn't describe as gloomy. There are these uncertainty effects; they dissipate by the middle of next year - ultimate effects on the economy dissipate by the middle of next year. And we have growth around trend over the course of the year following the Referendum, and then picking up a bit, and actually puts the economy in a bit of a position of excess demand, which is why inflation is above target. So yes, short-term effects, but in the fullness of time move out of the way. Now we have a responsibility when we have a major risk to the forecast to talk about those risks to the forecast, if those risks could manifest over the monetary policy horizon. And quite frankly, if it is an issue that the MPC has discussed, has analysed, has looked at. And as we've indicated - you see it in the Minutes, you see it in the Monetary Policy Statement - the biggest risks to the forecast concern the Referendum, not just about the fog of uncertainty around the data in the near term, that level of uncertainty, but the judgement that, if there were a vote to leave, that would have material consequences for both growth and inflation and therefore affect the stance of monetary policy. I would stress that that effect on the stance of monetary policy is not automatic because there are potentially big effects on each of the exchange rate, the supply of the economy and aggregate demand. And it's the sum of the whole of those effects which the MPC would have to consider in setting the stance of policy. In that scenario, as we've said, we would expect material slowing in growth, a notable rise in inflation, a challenging trade-off. And I think that is what I would take as the important point here, which is that we're providing information as best we can about our potential reaction function in that scenario - the key drivers of where policy would go in that most important risk scenario."
BoE_201608_opening,20160804,opening,Governor,governor,0,opening,0,BoE_201608_opening_0,0,25,25,"1 Inflation Report Press Conference Thursday 4th August 2016 Opening Remarks by the Governor Good afternoon. The decision to leave the European Union marks a regime change. In the coming years, the UK will redefine its openness to the movement of goods, services, people and capital. Some of the adjustments to this new reality may prove difficult and many will take time. It has one of the most flexible economies in the world. It benefits from a deep reservoir of human capital, world-class infrastructure and the rule of law. Its people are admired the world over for their strength under adversity. To be clear, the future potential of this economy and its implications for jobs, real wages and wealth are not the gifts of monetary policymakers. We cannot immediately or fully offset the economic impacts of a large structural shock. However, monetary policy can support the necessary adjustments of the UK economy during a period of heightened uncertainty. That's why, at its meeting yesterday, the MPC agreed an exceptional package of measures comprising:  a 25 basis point reduction in Bank Rate to 0.25%;  a new Term Funding Scheme (TFS) to reinforce the pass-through of the cut in Bank Rate to the borrowing rates actually faced by households and firms;  a new programme of private sector asset purchases with up to £10 billion of UK corporate bonds; and  a £60 billion expansion of gilt purchases. 2 Economic outlook We took these steps because the economic outlook has changed markedly, with the largest revision to our GDP forecast since the MPC was formed almost two decades ago. Early indicators are consistent with the risks the MPC identified before the vote. And we now face a trade-off between the degree of support we give to the economy on the one hand and how fast we return inflation sustainably to the target on the other. By acting early and comprehensively, the MPC can reduce uncertainty, bolster confidence, blunt the slowdown, and support the necessary adjustments in the UK economy. The degree and composition of stimulus is largely determined by the effects of the vote to leave the EU on demand, supply and the exchange rate. Demand Beginning with demand, the 9% depreciation of sterling since the referendum will boost exports and weigh on imports. However, even though the MPC expects the current account deficit to halve over the next three years, improvements in the external sector are not expected to offset fully the drag from substantially weaker private domestic demand. The MPC expects several factors to weigh on investment in the near term and on employment and consumer spending over time. These include a protracted period of heightened uncertainty, weaker activity in residential and commercial real estate markets, and a higher cost of capital for UK-focused firms. Some of these effects are beginning to manifest in surveys of investment intentions, business activity, and the housing market. These indicators have fallen sharply, in most cases to levels last seen in the wake of the financial crisis, and in some cases to all-time lows. The MPC has been conservative in its interpretation of these data, producing a forecast that is stronger than historical relationships would imply. Nonetheless, we 3 expect aggregate demand to grow only a little for the next few quarters before picking up to rates that remain below those projected in May. Supply The extent to which this lower path for aggregate demand is likely to be accompanied by a lower path for aggregate supply is a key determinant of the inflation outlook."
BoE_201608_opening,20160804,opening,Governor,governor,0,opening,1,BoE_201608_opening_1,26,48,22,"The weakness in demand will itself weigh on supply as a period of low investment restrains growth in the capital stock and productivity. There could also be more direct implications for supply from the decision to leave the European Union. The UK's trading relationships are likely to change, but precisely how will be unclear for some time. If companies are uncertain about the future impact of this on their businesses, they could delay decisions about building supply capacity or entering new markets. In addition, in anticipation of the UK's new trading arrangements, a period of resource reallocation could be necessary as some sectors of the economy expand and others contract. As a result of these factors, the MPC expects supply growth to remain well below past average rates throughout the forecast period. The combination of these demand and supply factors means that cumulative GDP growth is expected to be around 2½% lower by the end of the forecast period than was the case in May. On balance, even after stimulus, a margin of spare capacity is expected to open up and the unemployment rate expected to rise from its current level of 4.9% to around 5½% over the next two years. Exchange rate The fall in sterling will push up on import and consumer prices notably over the next three years. Indeed, despite the much weaker outlook for activity, CPI inflation in two years' time is projected to be higher than expected in May, reaching 2.4% at both the two and three year points of our forecast. 4 Policy trade-off The MPC's Remit recognises that when the effects of shocks persist over an extended period, the MPC is likely to face an exceptional trade-off between returning inflation to target promptly and stabilising output. When this is the case, the Remit requires the MPC to explain how it has balanced that trade-off, including the horizon over which it aims to return inflation to target. Fully offsetting the persistent effects of sterling's depreciation on inflation would require exerting further downward pressure on domestic costs. And that would mean even more lost output and a total disregard for higher unemployment. In the Committee's judgement, such outcomes would be undesirable in themselves and, moreover, would be unlikely to generate a sustainable return of inflation to the target beyond its three-year forecast period. As a result, in order to mitigate some of the adverse effects of the shock on growth, the MPC is setting policy so that inflation settles at its target over a longer period than the usual 18-24 months. Policy response To achieve this balance, the MPC is today implementing a timely, coherent and comprehensive package of measures. First, the response is timely because the combination of the markedly weaker outlook for the economy and the lags in the transmission of monetary policy dictates the need for stimulus now. For example, cutting Bank Rate will immediately ease financing conditions for households and firms, thereby supporting activity. Around half of mortgagors have floating rate contracts and more than four-fifths of bank loans held by firms are at floating rates; lower interest rates will be felt immediately in the economy. The MPC recognises the risk that, when interest rates are very low, Bank Rate cuts might not be fully passed on to the interest rates actually faced by households and 5 firms. There have been examples overseas of interest rates on loans increasing when official policy rates have been reduced from very low levels."
BoE_201608_opening,20160804,opening,Governor,governor,0,opening,2,BoE_201608_opening_2,49,80,30,"The MPC is determined that the stimulus the economy needs does not get diluted as it passes through the financial system. That's why it has launched a new Term Funding Scheme. The TFS will reinforce the transmission of cuts in Bank Rate to the interest rates actually faced by households and firms. Compared to the old Funding for Lending Scheme, the TFS is a pure monetary policy instrument that is likely to be more stimulative pound-for-pound. Specifically, it  reinforces Bank Rate cuts,  reduces the effective lower bound of Bank Rate to close to but a little above zero,  charges a penalty rate if banks don't lend,  covers all types of lending, and  is funded by central bank reserves. UK banks and building societies could borrow up to £100 billion over the next year at rates that neutralise the effects that could otherwise cause them not to pass on the new lower Bank Rate to end borrowers. The coherence of today's stimulus package is further enhanced by:  The FPC's decision today to amend the leverage ratio framework for UK banks by excluding central bank reserves. This gets a regulatory constraint out of the way of monetary policy operations without compromising financial stability;  The FPC's earlier action to increase the availability of credit by up to £150 billion by cutting the counter-cyclical capital buffer rate to zero and emphasising that banks' liquidity reserves are usable; and 6  The PRA Board's decision to use regulatory flexibilities to smooth insurers' transition to new regulatory standards in a very low interest rate environment. The cut in Bank Rate, the new Term Funding Scheme, the new corporate bond purchases and the expansion of gilt purchases work through multiple channels, are mutually reinforcing, and more powerful as a result. In the absence of these actions, output would have been lower, unemployment higher, and slack greater over the forecast period, and the return of inflation to the target would have been less sustainable. The purchase of up to £10 billion of UK corporate bonds will support the real economy by directly affecting financing conditions for companies that make a material contribution to UK economic activity. By supporting investment, this action should improve the monetary policy trade-off with inflation. By acting in capital markets, it will be complementary to the TFS which reinforces the bank lending channel. And by lowering credit and liquidity premia, corporate bond purchases are an efficient means of providing stimulus. Expanding the stock of gilts held in the Asset Purchase Facility by £60 billion will reinforce the transmission of lower Bank Rate to longer-term market interest rates. In addition, by triggering a process of portfolio rebalancing among sellers of long-dated gilts, gilt purchases will transmit to other risky asset prices, easing financial conditions and providing additional stimulus directly. Conclusion The MPC has worked closely with the Bank's other committees to understand how conventional and unconventional monetary measures interact with the financial system. This joined-up approach, using multiple channels, will ensure that stimulus will have maximum impact on the real economy. By acting now, the MPC is supporting the necessary adjustments in the UK economy and ensuring a more sustainable return of inflation to the target in the medium term. 7 This is a timely, coherent and comprehensive package of measures. It is appropriately sized given the scale of the shock, uncertainties about the degree of the adjustment, and relatively limited data. All of the elements in this package have scope to be increased. The MPC can lower Bank Rate, increase the size of the TFS, and expand the scale or variety of assets held in the Asset Purchase Facility. Indeed, if the incoming data prove broadly consistent with the August Inflation Report forecast, a majority of MPC members would anticipate a further cut in Bank Rate to its effective lower bound at one of the MPC's forthcoming meetings during the course of this year. Today's announcement is the latest element of the Bank's joined-up policy response to the referendum. A plan that was based on months of extensive analysis of the risks, detailed planning and appropriate public communication before the vote. A plan that delivered a broad range of contingency measures to contain the immediate impact on the financial system of the result. A plan that has already expanded the amount of credit available to the economy. And now a plan that delivers a timely, coherent and comprehensive monetary policy response that lowers the cost of credit and improves financial conditions for households and businesses across a wide range of channels. The Bank continues to stand ready to take whatever action is needed to achieve its objectives for monetary and financial stability as the UK adjusts to new realities, and moves forward to seize new opportunities, outside the EU."
BoE_201608_transcript,20160804,transcript,Mark Carney,governor,1,opening,0,BoE_201608_transcript_0,0,8,9,"Well, the first thing, Emily, is that obviously we can act quickly. And I think the Bank has acted quickly across from contingency planning the actions of the FPC and now the actions of the MPC. So monetary policy is more nimble, and it's appropriate that it's the first responder to a shock. Clearly, the biggest elements of the change are structural, and monetary policy has to take those structural changes into account in setting policy, but it can't really do anything about those structural factors. So the biggest issues for the government are those that they've acknowledged, which is the importance of the negotiations with European allies on the new relationship that will be developed; the importance of having a productivity plan, a comprehensive productivity plan, for the country. And it's within that context or it's those decisions and those policies which will really be the determinants of the long term prosperity. What we need to do in that context and in advance of those decisions is to provide the appropriate stance of monetary policy to ease the adjustment. We're governed by our remit, and in that remit we are governed by a trade-off and setting the right trade-off between getting inflation back sustainably to target and supporting output. And we I think have pretty clearly outlined in the Report and with this decision how we see that trade-off and where we can provide support."
BoE_201611_opening,20161103,opening,Governor,governor,0,opening,0,BoE_201611_opening_0,0,17,14,"1 INFLATION REPORT PRESS CONFERENCE Thursday 3rd November 2016 Opening remarks by the Governor 1. The biggest determinants of the UK's medium-term prosperity will be the country's new relationship with the EU and the reforms that it catalyses. Those processes will also have a significant bearing on inflation over the next few years through several channels. First, the perceptions of market participants regarding this economy's future growth potential will influence asset prices, particularly the exchange rate. Firms' assessments of the outlook for demand and the ease of future trade will affect their investments. And the cost of borrowing and the return to saving faced by households, as well as their confidence in the economic situation, will determine their spending. Finally, by the end of the MPC's forecast period, the UK economy's supply could be affected by a new set of trading arrangements with Europe and potentially other countries. In light of these realities, the MPC indicated in the spring that the effects of a vote to leave the EU on inflation would be the product of its impact on demand, supply and the exchange rate. And it stressed then that the implications for monetary policy would not be automatic. August assessment In August, the balance of these demand, supply, and exchange rate effects was consistent with the need for additional monetary policy stimulus then, and the prospect of more soon. In pursuit of its remit, the MPC delivered a timely, coherent and comprehensive package of easing measures that was calibrated to balance the trade-off it faced between ensuring a sustainable return of inflation to target and supporting jobs and growth. Developments since August Since August, demand growth has been materially better than expected, and the MPC now projects the level of GDP to be 0.7 percentage points higher by the end of this year. And what have we learned about the adjustment to Brexit? The MPC had expected consumption to continue to grow solidly throughout the remainder of 2016."
BoE_201611_opening,20161103,opening,Governor,governor,0,opening,1,BoE_201611_opening_1,18,45,20,"But consumption has been even stronger, with households appearing to entirely look through Brexit-related uncertainties. For households, the signs of an economic slowdown are notable by their absence. Wages are growing at around the same modest pace as at the start of the year. This positive consumer sentiment has supported the housing market, which has also been more resilient than we expected, as housing activity behaves more like consumption than investment. Both consumption and housing have benefitted from a smaller drag from uncertainty and very supportive financial conditions. These positives are neither solely due, nor totally unrelated, to the actions the MPC took in August. Variable mortgage rates have fallen by the full ¼% and new fixed-term mortgage rates are down by more. Rates on floating loans to businesses are down by around 15 basis points and sterling corporate bond issuance has picked up strongly. Business investment appears to have been somewhat less soft than we had expected, in part because of these easier financial conditions, and in part because domestic demand and uncertainty appear to have exerted a bit less of a drag than expected. In contrast to developments in the real economy, financial markets have taken a less sanguine view of Brexit prospects. Sterling is now around one-fifth lower than its peak a year ago. The latest sharp move appears to reflect market expectations of an even less open set of trading arrangements than anticipated in the immediate aftermath of the referendum. Partly reflecting sterling's depreciation, measures of inflation expectations have picked up notably and gilt yields have risen back towards their pre-referendum levels. 3 While the Committee now expects stronger growth through the balance of this year, it is the fall in sterling that will have the more significant implications for the path for inflation at the monetary policy horizon. Households, firms, financial markets, and the MPC will continue to learn as they go and they will adjust their expectations accordingly. The limited post-referendum data we have so far suggest households could behave more adaptively, reacting to changes in jobs and incomes they actually experience, rather than those in prospect. Firms are in various stages of preparation to take action. And financial markets will likely continue to anticipate and adjust rapidly as their perceptions of the UK's longer run arrangements with Europe evolve. The path ahead Ultimately, the tension between consumer strength on the one hand and the more pessimistic expectations of markets on the other will be resolved. In the MPC's November projections, this resolution is expected to occur as imported inflation begins to weigh on people's real incomes, slowing consumption growth."
BoE_201611_opening,20161103,opening,Governor,governor,0,opening,2,BoE_201611_opening_2,46,76,26,"This moderation in household spending reinforces the cumulative effects of a pick-up in uncertainty on investment, which is expected to lower the economy's capital stock and dampen productivity growth. As a consequence, although stronger in the near term, growth is expected to be weaker in the medium term compared to the Committee's August projections. Despite that more modest medium-term growth outlook, CPI inflation is expected to be higher throughout the three-year forecast period than in the Committee's August projections. This is largely the result of the renewed depreciation of sterling. In our central projection, inflation rises from its current level of 1% to around 2¾% in mid-2018 before beginning to fall back gradually thereafter. The balance of stronger near-term consumer demand, a modest supply outlook, and a lower sterling exchange rate, implies a more challenging trade-off between returning inflation sustainably to the target on the one hand and supporting real activity on the other. To be clear, modest supply growth ultimately means lower real income growth. It can happen either through a compression of nominal 4 wage growth and higher unemployment, or through faster growth in consumer prices and a smaller rise in joblessness. Implications for policy The MPC's remit requires it to explain how it is balancing that trade-off, including the horizon over which it aims to return inflation to target. The direct impact of sterling's depreciation on CPI inflation will ultimately prove temporary. In the MPC's judgement, attempting to offset it fully with tighter monetary policy would be excessively costly in terms of foregone output and employment growth. The MPC is choosing a period of somewhat higher consumer price inflation in exchange for a more modest increase in unemployment. However, there are limits to the extent to which above- target inflation can be tolerated. Those limits depend on the cause of the inflation overshoot, the extent of second-round effects on inflation expectations and domestic costs, and the scale of the shortfall in economic activity below potential. In the MPC's November forecast, the inflation overshoot is the product of a perceived shock to future supply, which has caused the exchange rate to fall, alongside a modest projected shortfall of activity. Inflation expectations have picked up to around their past average levels and domestic costs have remained contained. Given the projected rise in unemployment, the risks around activity and inflation, and the potential for further volatility in asset prices, the MPC judges it appropriate to accommodate a period of above-target inflation. That notwithstanding, the MPC is now monitoring closely the evolution of inflation expectations. In light of these developments, the MPC at its November meeting agreed unanimously that Bank Rate should be maintained at its current level. It also agreed unanimously to continue the previously announced asset purchase programmes. It remains the case that the path for monetary policy will depend on the evolution of the prospects for demand, supply, the exchange rate, and therefore inflation. Monetary policy can respond, in either direction, to changes to the economic outlook as they unfold to ensure a sustainable return of inflation to the target. These characteristics will help it to move to a new equilibrium as its future relationship with the European Union becomes clearer and new opportunities with the rest of the world open up. Many of the adjustments needed to move to that new equilibrium are real in nature, and are not in the gift of monetary policymakers. But it will help build the foundations by achieving the inflation target in a sustainable fashion and in a way that helps to smooth real adjustment in the economy, to stabilise growth, and to support jobs in the wake of much larger forces. This is the best contribution the MPC can make to the good of the people of the United Kingdom."
BoE_201611_transcript,20161103,transcript,Mark Carney,governor,1,opening,0,BoE_201611_transcript_0,0,10,9,"Well, the judgement of the MPC has been that the degree of accommodation that is currently being provided is appropriate. It's appropriate because of the pressures that are weighing down on activity and it's appropriate because of the forces that are causing inflation to rise and rise above that 2% target. The reason that inflation is above target - or will be above target, in our judgement at years two and three, is because of the exchange rate. The reason the exchange rate has moved - the predominant reason why the exchange rate has moved, in our judgement - is judgements that have been made in financial markets about the future of the real economy, not of the stance of monetary policy - how open this economy will be, what our trading relationships will be, how productivity will evolve over the next few years. We can't influence those perceptions in markets again, I'll emphasise they're perceptions in markets. The negotiations haven't even yet begun, so we don't know exactly what the arrangements are going to be, nor do markets - they're making a judgement around them. We have to take into account their impact on inflation. And the judgement, as I said, and as we say in the Report, that we've had to make is - do we fully lean against them and cause much higher joblessness and much lower wages for those who have jobs? Or do we accommodate some of that overshoot, given that it's caused by a real effect?"
BoE_201702_opening,20170202,opening,Governor,governor,0,opening,0,BoE_201702_opening_0,0,67,58,"1 INFLATION REPORT PRESS CONFERENCE Thursday 2nd February 2017 Opening Remarks by the Governor Good afternoon. The biggest determinants of the UK's medium-term prosperity will be the country's new relationship with the EU and the reforms that it catalyses. These processes will also have a significant bearing on inflation over the next few years. Market participants' views regarding this economy's future growth potential will influence asset prices, particularly the exchange rate. Firms' assessments of the outlook for demand and the ease of future trade will affect their investments. Households' confidence in their economic situation will help determine their spending. And, with time, the UK economy's supply will be affected by a new set of trading arrangements with the EU and other countries. The MPC has long emphasised that the effects of the process of leaving the EU on inflation would be the product of its impact on demand, supply and the exchange rate. And it has consistently stressed that as a result, the implications for monetary policy would not be automatic. During these exceptional circumstances, the MPC is required by its remit to balance a period of above-target inflation with a period of weaker growth. The primary objective of monetary policy remains inflation control, however, which means any overshoot of inflation above the target can only be temporary in nature and limited in scope. As such, the MPC has been clear that its tolerance for above-target inflation is limited. Today's decision reflects the Committee's updated assessment of those forces and those limits. The Committee has unanimously confirmed that the current monetary stance remains 2 appropriate. But it has also made important revisions to its forecast and highlighted some of the key judgements underlying it. Demand developments and outlook Growth has remained resilient since the referendum, with the UK posting the fastest rate in the G7 last year. The MPC expects growth to be stronger over the forecast period than in November, with the economy now projected to expand by 2.0% in 2017 and around 1¾% thereafter. This upgrade will leave the level of UK output around 1% higher over the next three years than expected in November. This stronger outlook is the product of four factors, in descending order of importance. First, the Chancellor's Autumn Statement eased fiscal policy over the coming years. Second, the outlook for the global economy is firmer, reflecting an easing of fiscal policy in other major economies together with improvements in financial conditions and business confidence, particularly in the United States. Third, financial conditions in the UK remain supportive, underpinned by low risk-free rates, the 18% fall in sterling since its November 2015 peak, and lower credit spreads. Moreover, domestic credit conditions are accommodative, reinforced by strong competition in consumer credit markets and historically low mortgage rates. In part this reflects Bank of England policy actions, which have also helped lower the impact of uncertainty on activity. 3 Fourth, as was the case in November, there are few signs that households are cutting back spending ahead of the coming squeeze in their real incomes. With the savings rate falling towards pre-crisis lows and household debt picking up, how households adjust their spending and their expectations of future income will be important determinants of the outlook. This stronger projection doesn't mean the referendum is without consequence. Uncertainty over future arrangements is weighing on business investment, which has been flat since the end of 2015. Business investment is expected to be around a quarter lower in three years' time than projected prior to the referendum, with material consequences for productivity, wages and incomes. More broadly, the level of GDP is still expected to be 1½% lower in two years' time than projected in May, despite the substantial easing of monetary, macroprudential and fiscal policies. Financial markets are already pricing in a material adjustment to the UK's economic prospects, as evidenced by the sharp fall in the value of sterling. Markets are valuing today what they expect to be necessary tomorrow: an adjustment to real incomes as the UK moves towards its new trading arrangements. The MPC expects the tension between current consumer strength and relative financial market pessimism to begin to be resolved over the course of this year. Inflation outlook Having risen markedly from around zero in 2015, the MPC still expects CPI inflation to be back to around 2% in the data for February. This largely reflects external factors - in particular, past falls in energy, food and other imported goods prices dropping out of the annual comparison. 4 Beyond that, inflation is expected to increase further, peaking around 2.8% at the start of 2018, before falling gradually back to 2.4% in three years' time. This overshoot is entirely because of sterling's fall, which itself is the product of the market's view of the consequences of Brexit. Consistent with this, longer-term measures of inflation expectations have risen over the past year from very low levels to stabilise around historical average levels, and remain well anchored. Supply outlook The outlook for inflation depends importantly on the path for supply, which is why the MPC undertakes regular, detailed assessments of these prospects. Following a long period of consistently overestimating wage growth, the MPC has updated its view of the natural rate of unemployment. Specifically, the MPC now judges that the rate of unemployment the economy can achieve while being consistent with sustainable rates of wage growth to be around 4½%, down from around 5% previously. As a result, the stronger outlook for demand is in large part matched by an increase in the economy's estimated supply capacity, and the net impact of these two factors on the inflation projection is broadly neutral. As a consequence, when taken together with the 3% appreciation of sterling since our last forecast and the gently rising path for interest rates implied by market yields, the projections for inflation - and the trade-off that the Committee faces - are little changed relative to November. Policy decision Monetary policy cannot prevent either any structural adjustments that are necessary as the UK moves to new trading arrangements or any consequences of those adjustments for real incomes. In the shorter run specifically, attempting to offset fully the effect of weaker sterling on inflation would be achievable only at the cost of higher unemployment and even weaker income growth. In such exceptional circumstances, the MPC's remit specifies that it must balance the speed with which it intends to return inflation to the target with the support that monetary policy provides to jobs and activity. At its February meeting, the MPC unanimously judged that it remained appropriate to seek to return inflation to the target over a somewhat longer period than usual, and that the current stance of monetary policy remained appropriate to balance the demands of the Committee's remit. As the Committee has previously noted, however, there are limits to the extent that above- target inflation can be tolerated. The projections described in the February Inflation Report, and the continuing suitability of the current policy stance, depend crucially on three judgements:  that the lower level of sterling continues to boost consumer prices broadly as expected, and without adverse consequences for inflation expectations further ahead;  that regular pay growth does indeed remain modest, consistent with the Committee's updated assessment of the degree of slack in the labour market; and  that the hitherto resilient rates of household spending growth slow as real income gains weaken. 6 In judging the appropriate policy stance, the Committee will be monitoring closely the incoming evidence regarding these and other factors. For instance, if spending growth slows more abruptly than expected, there is scope for monetary policy to be loosened. If, on the other hand, pay growth picks up by more than anticipated, monetary policy may need to be tightened to a greater degree than implied by current market yields. More generally, monetary policy can respond, in either direction, to changes to the economic outlook as they unfold to ensure a sustainable return of inflation to the 2% target. Conclusion Following the referendum, the Bank eased macroprudential and monetary policies in order to support households and businesses during a period of initial uncertainty and eventual adjustment to the country's new relationship with the EU. The cost of borrowing is down, availability of credit is up, and some of the impact of uncertainty on households and businesses has been mitigated. While the direction of travel is clear, there will be twists and turns along the way. Whatever happens, monetary policy will be set to return inflation sustainably to target while supporting the necessary adjustments in the economy. At this week's meeting, the MPC maintained its policy stance. If circumstances warrant a change in policy, we will act consistent with our remit."
BoE_201702_transcript,20170202,transcript,Mark Carney,governor,1,opening,0,BoE_201702_transcript_0,0,17,17,"Well, I'd turn it around and say - what went right? What went right first was policy actions that were taken by the Bank, then policy action that was taken by the Chancellor, by the government, both of which provide support into 2017. I think, and I wouldn't overstate this, but our sense in terms of the transmission of both the macroprudential measures - the lowering of the countercyclical buffer and the monetary policy measures that we took was that they have had more traction than we would have expected at the time. Now you could say that we should have anticipated it at the time, but they had more of an impact than we expected at the time. The second thing that's gone right is that the global economy has been stronger and that also helps support growth in 2017. I think the thing that we missed is the strength of consumer spending and consumer confidence associated with that, that was present - has been present all the way through this process. So after an initial wobble in terms of consumer surveys, confidence surveys and other indicators in the immediate aftermath of the referendum in the depths of the summer, it bounced back pretty quickly. And you don't see it in the data and in the activity of consumers. So consumers have not been affected by any of the associated uncertainty around Brexit. I mean, the labour market is still holding up, wages are growing roughly the same rate - modestly - but roughly the same rate as they had in the past. And in part because of our actions, credit is available and it's cheap, if it's needed. Now that dynamic will start to be tested as this year progresses. The consumer dynamic will start to be tested as this year progresses, as real incomes move from growing closer to 3% to growing closers to 0%, if our forecast is broadly correct. And the question will be - with what speed do consumers adjust their spending this year? In this forecast, in the very near term this quarter, we actually anticipate less of an adjustment than we had in November. The bigger news to the forecast though as you progress through 2017 is, if you will, external. It's better world, bigger fiscal, better financial conditions which make the difference."
BoE_201705_opening,20170511,opening,Governor,governor,0,opening,0,BoE_201705_opening_0,0,10,10,"1 INFLATION REPORT PRESS CONFERENCE Thursday 11th May 2017 Opening Remarks by the Governor Good afternoon. The outlook for UK growth and inflation will continue to be influenced by the response of households, companies and financial markets to the prospects for the UK's departure from the EU. The MPC's projections continue to be conditioned on a smooth transition to an average of possible outcomes for the UK's post-Brexit trading arrangements. For some time, the responses of financial markets and households to the UK's decision to leave the EU have diverged. In its February projections, the MPC expected that this tension between consumer strength and relative financial market pessimism would be reduced over the course of this year. With wage growth moderating and inflation picking up, both household spending and GDP growth have slowed markedly. In contrast, sterling has appreciated, possibly reflecting market expectations of a more orderly Brexit process. On balance, the Committee judges that consumption growth will be slower in the near term than previously anticipated before recovering in the latter part of the forecast period as real incomes pick up. The Committee's latest projections In the MPC's central forecast, quarterly growth is forecast to stabilise around its current rate, resulting in growth of 1.9% in 2017 and around 1¾% in each of the next two years. This is broadly as the Committee had expected in February."
BoE_201705_opening,20170511,opening,Governor,governor,0,opening,1,BoE_201705_opening_1,11,24,14,"2 The global outlook has improved further since February, with stronger business surveys and generally better financial conditions. The latest indicators, including trade growth and capital goods orders, suggest broad-based strength. And signs of more robust global demand have also been reflected in global asset prices, with equity prices rising further in recent months. The MPC's projection for world GDP growth remains near the top of the range of external forecasts. The combination of the stronger global outlook and sterling's past depreciation is likely to support UK net trade. And together with somewhat lower uncertainty, stronger global growth is also likely to encourage investment as exporters renew and increase capacity. Turning to inflation, CPI inflation has risen above the MPC's 2% target as sterling's past depreciation has begun to feed through to consumer prices. This impact has been offset to some extent by continued subdued growth in domestic costs, with wage growth notably weaker than expected. The MPC expects inflation to rise further above the target in the coming months, peaking a little below 3% in the fourth quarter. Conditioned on the market yield curve, inflation is projected to remain above the MPC's target throughout the forecast period. The yield curve has steepened slightly and sterling has rallied somewhat since the forecast was closed. The projected inflation overshoot entirely reflects the effects on import prices of the fall in sterling since late November 2015-a depreciation caused by market expectations of a material adjustment to the UK's medium term prospects as it leaves the EU. The contribution to inflation of higher import prices is likely to fade gradually throughout the forecast period. The extent to which domestic cost pressures pick up will determine where CPI inflation settles towards the end of the forecast."
BoE_201705_opening,20170511,opening,Governor,governor,0,opening,2,BoE_201705_opening_2,25,42,18,"3 Wage growth has been soft in recent years despite strong employment growth. Weakness in productivity growth and a continuing drag from slack have contributed to this softness, but they cannot explain its full extent. Uncertainty of companies about the outlook may also have made them unwilling to raise wages at a faster pace until they have more clarity about future costs and market access. The MPC judges that the factors currently weighing on wage growth are unlikely to persist, and it projects that wages will rise significantly as the output gap narrows throughout the forecast period and closes by the end. As a result, inflation is projected to rise in the third year of the forecast even as the impact of imported price pressures diminishes. Policy decision Monetary policy cannot prevent either the necessary real adjustment as the UK moves towards its new international trading arrangements or the weaker real income growth that is likely to accompany that adjustment over the next few years. Attempting to offset fully the effect of weaker sterling on inflation would be achievable only at the cost of higher unemployment and, in all likelihood, even weaker income growth. For this reason, the MPC's remit specifies that, in such exceptional circumstances, the Committee must balance any trade-off between the speed with which it intends to return inflation to the target and the support that monetary policy provides to jobs and activity. At its May meeting, the MPC decided that the current stance of monetary policy remained appropriate to balance the demands of its remit. The actual and prospective overshoot of inflation relative to target is entirely due to the effects of sterling's depreciation, which itself reflects fundamental factors that monetary policy could not affect. In such exceptional 4 circumstances, the MPC's remit requires it to pay close consideration to the trade-off between inflation and slack. For most of the forecast period, the economy is expected to operate with a degree of spare capacity, justifying that some degree of above-target inflation could be tolerated. The output gap is projected to close by the end of the forecast, however, reducing the Committee's tolerance for above-target inflation at that point. The MPC's forecast relies on, amongst other things: - a significant pick-up in wage growth; - no further slowing in aggregate demand; - the lower level of sterling continuing to boost consumer prices broadly as projected, without adverse consequences for inflation expectations further ahead; and - the adjustment to the UK's new relationship with the EU being smooth. As these conditions make clear, while Brexit will play an important role, other factors will also influence the outlook for the economy and inflation. In judging the appropriateness of the monetary stance, the Committee will monitor closely incoming evidence regarding a range of factors. Monetary policy will respond in either direction to changes in the economic outlook as they unfold to ensure a sustainable return of inflation to target, while supporting the necessary real adjustments in the economy. On the whole, the Committee judges that, if the economy follows a path broadly consistent with its central projection, then monetary policy could need to be tightened by a somewhat greater extent over the forecast horizon than the very gently rising path implied by the market yield curve at the time of the forecast."
BoE_201705_transcript,20170511,transcript,MC,governor,3,opening,0,BoE_201705_transcript_0,0,6,6,"So, in order to precisely answer that question, we would have had to do an alternative forecast, as you can appreciate, with some variant of a disorderly negotiating process, and we have not done that, so I can't give you a precise answer to that. What I can say is that, as has been the case since our August forecast of last year, we have assumed that the process of leaving the European Union would be a smooth one. That means that there will be an agreement about the future trading arrangements, and that there will be a transition, or an implementation period, from the negotiation to that new agreement. Now, we, like everyone else, don't know exactly the shape of what that agreement is going to be, that's why there's a negotiation, and so we have conditioned on a range of possible outcomes. We haven't changed those judgements, that averaging period, but what we do have is an economy which gradually adjusts to those new trading arrangements, that happen at some point in the future, in other words, some point after the forecast horizon. So one of the consequences, and I'll finish with this, of that process, is there's a bit of a drag on productivity in our forecast as the economy reorients to those new arrangements, but there is not any, sort of, sharp break or sharp readjustment, let's see."
BoE_201708_opening,20170803,opening,Governor,governor,0,opening,0,BoE_201708_opening_0,0,24,23,"1 INFLATION REPORT PRESS CONFERENCE Thursday 3rd August 2017 Opening Remarks by the Governor Good afternoon. The UK economy is beginning the process of adjusting to a new, as yet uncertain, economic relationship with the European Union. Monetary policy cannot prevent the weaker real incomes likely to accompany the move to new trading arrangements with the EU, but it can influence how this hit to incomes is distributed between job losses and price rises. And it can support UK households and businesses as they adjust to such profound change. The MPC has long emphasised that the effects on inflation of the Brexit process would be the product of its impact on demand, supply and the exchange rate. And it has consistently stressed that as a result, the implications for monetary policy would not be automatic. The August Inflation Report, released today, updates on how these and other dynamics are affecting the economic outlook. Since the referendum was called, UK households, businesses and financial markets have reacted at different speeds and to varying degrees to the prospects for the UK's departure from the EU. - Financial markets, particularly sterling, marked down the UK's relative prospects quickly and sharply. But more recently, as the consequences of sterling's fall have shown up in the shops and squeezed their real incomes, they have cut back on spending, slowing the economy. But since the referendum, they have invested much less aggressively than usual in response to an otherwise very favourable environment. The MPC's projections continue to be conditioned on a smooth transition to an average of possible outcomes for the UK's post-Brexit trading arrangements. To be clear, assuming a smooth transition doesn't mean that the MPC thinks UK households and businesses know the end result of negotiations that have just started. Indeed, in the MPC forecast, uncertainty about the eventual shape of the UK's economic relationship with the EU weighs on the decisions of businesses and households and pulls down on both demand and supply growth. Rather, the assumption of a smooth Brexit means that UK households and businesses act on the expectation that the UK will forge a new relationship with Europe without material disruptions to trading conditions or financial stability. This simplifying assumption has broadly fit the behaviour of the real economy over the past year. GDP In the MPC's central projection, GDP growth remains sluggish in the near term as the squeeze on households' real incomes continues to weigh on consumption. Growth then picks up to just above its reduced - or modest - potential rate as net trade and business investment firm up and consumption growth gradually recovers in line with modestly rising household incomes. The outlook for net trade is bolstered by strong global growth and the past depreciation of sterling. Global growth has firmed in line with the MPC's expectations, and it is now broad based across advanced and emerging economies. Global trade is growing at its strongest rate since 2011. And there are encouraging signs that the composition of advanced economy 3 growth is rotating towards investment, supporting the sustainability of the expansion and potentially raising the equilibrium rate of interest. This strong external environment, businesses' high rates of profitability, their low cost of capital and the limited spare capacity in the economy are all expected to support investment by UK firms over the forecast period."
BoE_201708_opening,20170803,opening,Governor,governor,0,opening,1,BoE_201708_opening_1,25,49,25,"However, while on balance these incentives more than offset the drag from the continued uncertainties around Brexit, business investment is still likely to growth below historic average rates with adverse consequences for productivity, capacity and wages. CPI inflation CPI inflation fell back to 2.6% in June, in line with the projection in May. The MPC expects inflation to peak around 3% in October and to remain around 2¾% until early next year. Conditional on the current market curve, which implies that Bank Rate will rise by ½ percentage point over the next three years, inflation is projected to remain a little above the target at the end of the forecast period - an overshoot that reflects entirely the effects of the referendum-related fall in sterling. As the effect of rising import prices gradually diminishes, domestic inflationary pressures gradually pick up over the forecast period. With the unemployment rate expected to remain around 40-year lows, wage growth is projected to recover as the remaining slack in the economy is absorbed. In addition, margins in the consumer sector, having been squeezed by the pickup in import prices, are expected to be rebuilt. Consequently inflation is projected to remain at a level slightly above the two percent target by the end of the forecast. 4 Policy decision As the Brexit negotiations proceed, the assumption of a smooth transition to a new economic relationship with the EU will be tested. If UK households and businesses look through the flurry of headlines, then the economy can be expected to pick up from its current period of sluggishness. Given the outlook for supply in the economy, even a limited pickup in growth is likely to have consequences for the stance of monetary policy. That's because, as the MPC has previously emphasised, the process of leaving the EU is beginning to affect potential supply in the UK. Brexit-related uncertainties are causing some companies to delay decisions about building capacity and entering new markets. The UK's eventual new trading arrangements will require a period of reallocation as some sectors of the economy expand and others contract. Moreover, prolonged low investment will restrain growth in the capital stock and increases in productivity. Indeed, if the MPC's current forecast comes to pass, the level of investment in 2020 is expected to be 20% below the level which the MPC had projected just before the referendum. As a result of these factors, the supply capacity of the economy is likely to expand at only modest rates throughout the forecast period. That means that only a modest uptick in demand growth from current sluggish rates will be sufficient to reduce and eventually eliminate slack. The MPC's remit specifies that, in exceptional circumstances, the Committee must balance any trade-off between the speed at which it intends to return inflation sustainably to the target and the support that monetary policy provides to jobs and activity. 5 Through most of the forecast period, the economy operates with a small degree of spare capacity and CPI inflation is well above target. But by the end of the forecast, that trade-off is eliminated, spare capacity is fully absorbed, and inflation remains above the 2% target. The Committee judges that, given the assumptions underlying its projections, including the closure of drawdown period of the TFS and the recent prudential decisions of the FPC and PRA, some tightening of monetary policy would be required in order to achieve a sustainable return of inflation to target. Specifically, if the economy follows a path broadly consistent with the August central projection, then monetary policy could need to be tightened by a somewhat greater extent over the forecast period than the path implied by the yield curve underlying those projections. Any increases in Bank Rate would be expected to be at a gradual pace and to a limited extent. The Committee will continue to monitor closely the incoming evidence, and it stands ready to respond to changes in the economic outlook as they unfold to ensure a sustainable return of inflation to the 2% target."
BoE_201708_transcript,20170803,transcript,MC,governor,5,opening,0,BoE_201708_transcript_0,0,18,19,"Well, I'll start from where you finished, which is to be absolutely clear what we, as the MPC, focus on is achieving a sustainable return of inflation to target. We have been conscious since the referendum that the principal cause of inflation being above target, in fact the sole cause of inflation being above target over the course of recent quarters, and as we forecast and continue to forecast, is the fall in Sterling caused by the markets' judgement, not endorsing it, but the markets' judgement about the implications of Brexit for the UK's relative prospects. So, first question is about how to get back to that and I answered that in the opening statement and the Committee did in the report. The second thing, to go to the question of, 'To what extent is the recovery a product of borrowing?' In fact, what we're seeing now is that consumers are adjusting to the squeeze on real incomes. That's one of the reasons why growth slowed in the first half of the year, it's one of the reasons why we think growth will be relatively sluggish this quarter, before only modestly picking up. Over the course of the forecast, we expect consumption growth to be broadly in line with income growth. Again, it's not a forecast that relies particularly on the consumer. Investment and exports are much more important than the consumer, going forward. The consumer, his or herself, is relying on what they're getting paid, not what they can borrow. Next point, again, to put it into context, is that this country and the UK households have gone through a decade of very painful deleveraging. It's only really in the last year that growth of debt has started to exceed income, so there has been some borrowing. Consumer credit is the minority in that and mortgages are still much more important. There are some issues that the FPC has raised around the nature of some of the credit that's on offer and the potential channels for financial stability because of some developments in the consumer credit side. That's part of the reason why a return to a more standard risk-taking environment, the countercyclical capital buffer has been raised, as you know. It's part of the reason why the adjustment has been made to the stress test and some guidance being given around underwriting standards through the PRA supervisors to banks. What those measures are for are to address tail risks to the economy, not central expectations. The central likelihood, as I say, is what the forecast is here which is that we have a relatively modest recovery, one that's matching the growth of supply, that it's principally driven, at least initially, by investments and then exports. A consumer that's consuming out of his or her income, as opposed to borrowing."
BoE_201711_opening,20171102,opening,Governor,governor,0,opening,0,BoE_201711_opening_0,0,41,33,"1 INFLATION REPORT PRESS CONFERENCE Thursday 2nd November 2017 Opening Remarks by the Governor The MPC has increased Bank Rate for the first time in a decade, raising it by ¼ percentage points to ½ percent. In my remarks today, I will address three questions: - Why has the MPC raised interest rates? The MPC's primary objective is price stability, defined by the Government as a 2% CPI inflation target. CPI inflation was 3% in September and it's expected to have risen a little further in October. But it isn't so much where inflation is now, but where it's going that concerns us. The MPC must set policy to achieve a sustainable return of inflation to the target. That is, we must aim to bring inflation back to target and keep it there once the effects of temporary factors - predominantly those caused by the referendum-related fall in sterling - dissipate. In many respects, the decision today is straightforward: with inflation high, slack disappearing, and the economy growing at rates above its speed limit, inflation is unlikely to return to the 2% target without some increase in interest rates. Brexit will redefine the UK's relationship with our largest trade and investment partner. And it will have consequences for the movement of goods, services, people and capital as well as the real incomes of UK households. 2 The MPC has repeatedly emphasised that monetary policy cannot prevent either the necessary real adjustment to new trading arrangements or the weaker real income growth likely to accompany that adjustment. We can, however, support the economy during the adjustment process. In such exceptional circumstances, the MPC is required to balance any trade-off between the speed at which we return inflation sustainably to target with the support that monetary policy provides to jobs and activity. At the time of the referendum, the MPC set out our framework for doing so, and we have followed it consistently ever since. The Committee's assessment of the outlook for inflation and activity published today is broadly similar to our projections three months ago. In our forecast, conditioned on the gently rising path of Bank Rate implied by current market yields, GDP grows modestly over the next few years at rate just above its reduced rate of potential. Consumption growth remains sluggish in the near term before rising, in line with household incomes. Net trade is bolstered by the strong global expansion and the past depreciation of sterling. Business investment is affected by uncertainties around Brexit, but continues to grow at a solid pace supported by strong global demand, high rates of profitability, the low cost of capital and limited spare capacity. The MPC judges that there is a little less slack at the start of the forecast period than in August. More fundamentally, the pace at which the economy can grow without generating inflationary pressures has fallen relative to pre-crisis norms. This reflects persistent weakness in productivity growth since the crisis and, more recently, the more limited availability of labour. Over the next few years, modest demand growth is expected to use up the little spare capacity remaining in the economy. With unemployment at a 42 year low, inflation running above target and growth just above its new, lower speed limit, the time has come to ease our foot off the accelerator. That will help bring inflation back towards its 2% target, while still supporting jobs and growth. Rate increases obviously reduce the current cash flows of borrowers and increase those of savers. Interest rate increases also make it more attractive to save today to consume tomorrow and less attractive to borrow today to spend today. And interest rates are one of many influences on the exchange rate and other asset prices. While the sheer novelty of the first increase in Bank Rate in a decade creates some uncertainty around its impact, there are reasons to expect it to be no larger than usual. Only about one fifth of people with mortgages have never experienced an increase in Bank Rate. Of those, almost half took out their mortgage after the FPC introduced its affordability stress in 2014, which requires mortgagors to be able to withstand an increase in their mortgage rate to around 7%. Fully 60% of mortgages are now at fixed interest rates. Even with this Bank Rate increase, many households will re-finance onto lower interest rates than they are currently paying by around 30 basis points for those moving from an expiring two-year fixed rate deal to around 2 percentage points for someone refinancing an expiring five-year fixed rates deal."
BoE_201711_opening,20171102,opening,Governor,governor,0,opening,1,BoE_201711_opening_1,42,60,16,"Company balance sheets are generally in strong shape, with the share of profits required to meet monthly debt repayments falling to its lowest level for at least two decades. And demand is growing strongly in the rest of the world, robustly so in our largest trading partner. As always, the Committee will monitor closely the incoming evidence on the economic outlook, including the impact of today's increase in Bank Rate. To be clear, even after today's rate increase, monetary policy will provide significant support to jobs and activity. And the MPC continues to expect that any future increases in interest rates would be at a gradual pace and to a limited extent. 4 Current market yields, which are used to condition our forecasts, incorporate two further 25 basis point increases over the next three years. That gently rising path is consistent with inflation falling back over the next year and approaching the target by the end of the forecast period. The MPC will, of course, react to developments to the extent they affect the outlook for inflation and activity. The decision to leave the European Union is already having a noticeable impact. - The overshoot of inflation throughout the forecast predominantly reflects the effects on import prices of the referendum-related fall in sterling. - Uncertainties associated with Brexit are weighing on domestic activity, which has slowed even as global growth has risen significantly. - And Brexit-related constraints on investment and labour supply appear to be reinforcing the marked slowdown that has been evident in recent years in the rate at which the economy can grow without generating inflationary pressures. The impact of Brexit on the forecast will evolve as negotiations progress. In particular, any resolution of the uncertainty about the nature of, and transition to, the UK's future relationship with the EU insofar as it affects the behaviour of households, businesses and financial market participants would prompt a reassessment of the economic outlook. While the direction of that reassessment for activity and inflation is not automatic, the MPC's response will be consistent with its remit and the framework it has followed since the referendum. By continuing to balance the trade-off between the speed at which inflation is returned to target and the support that it provides to jobs and activity, monetary policy will continue to make its best contribution to the prosperity of the people of the United Kingdom."
BoE_201711_transcript,20171102,transcript,Mark Carney,governor,1,opening,0,BoE_201711_transcript_0,0,9,9,"The first thing I'd say is that the rate of growth is slower than historic norms, but it's not subdued. I think we have to get used to an economy, after all, this is an economy that is operating with unemployment at a 42 year low, more people in work than ever before. This isn't a false read on the unemployment rate, people are in the labour market, they're working, and the degree of spare capacity in the economy is very limited. So the question about the speed limit of this economy going forward will be increasingly determined by the rate of productivity growth, which, as you know, has been very slow since the crisis, and is expected to be so going forward, even though we have some pick-up but to take a step back, look, what we're doing is easing our foot off the accelerator. It will have an impact on borrowers over time, it will have a more immediate positive impact on savers, in terms of deposit rates. It leaves monetary policy in a position where it still is highly supportive of jobs and activity, and you can expect it to have, in fact, it is the policy that is providing a boost to the economy relative to headwinds from other policies, including fiscal policy, and the uncertainty associated with Brexit. In terms of households financial positions, they have been difficult, as you know, over the course of this year, with the real income squeeze. The worst of that real income squeeze is ending, and this is part of ensuring that it doesn't come back. In other words, ensuring that inflation returns to that 2% target in a sustainable manner, in a way that supports the economy, in a way that supports keeping people in work and moving forward."
BoE_201802_opening,20180208,opening,Governor,governor,0,opening,0,BoE_201802_opening_0,0,29,29,"1 INFLATION REPORT PRESS CONFERENCE Thursday 8th February 2018 Opening Remarks by the Governor This has been a notable week for anniversaries. On Monday, the nation celebrated the centenary of women gaining the vote. And, in the category of words not deeds, today marks a quarter of a century since the first Inflation Report. Though the style of the Report may have changed over the years, the Bank's commitment to explaining monetary policy independently and transparently has not. So what is the picture painted in the 101st edition? Demand and Supply Growth One truth universally acknowledged is the current strength of the world economy. Global growth is stronger, broader and healthier than it has been for some time. The global economy is growing at its fastest pace in seven years; 90% of the world is now growing at above-trend rates; and the global expansion is being increasingly driven by investment. UK net trade is benefiting from this robust global demand and the past depreciation of sterling. Whereas it usually drags on growth, net trade is currently contributing substantially and is likely to continue supporting activity over the forecast period. British exporters are in a sweet spot, with sterling down around 16% overall (and around 20% against the euro) in anticipation of a Brexit that has not yet happened. Along with high rates of profitability, the low cost of capital, and diminishing spare capacity, strong global activity is also supporting business investment. This remains the shallowest investment recovery in more than half a century. 2 Consumption growth has also been sluggish, as households adjust to the real income squeeze. Growth in household spending halved since the referendum, and is expected to remain relatively subdued over the next three years, reflecting weak real income growth. On the whole, and despite the projections being conditioned on less supportive monetary conditions prevailing in financial markets, GDP growth is expected to average around 1¾% over the forecast period, a little stronger than projected in November. While modest by historic standards, this demand growth is still expected to exceed the diminished rate of supply growth over the forecast period. Following its annual assessment of the supply side of the economy, the MPC judges that very little spare capacity remains and that supply capacity will grow only modestly over the forecast, averaging around 1½% a year. This reflects lower growth in labour supply and productivity growth at rates around half its pre-crisis average. With growth in demand outpacing of supply, a small margin of excess demand emerges by early 2020 and builds thereafter. Inflation CPI inflation fell from 3.1% in November to 3.0% in December. Inflation is expected to remain close to recent rates in the short term, slightly higher than the projection made three months ago largely as a consequence of recent higher oil prices. It is possible that inflation could rise back above 3% temporarily in the short term. More generally, sustained above-target inflation remains almost entirely due to the effects of higher import prices following sterling's past depreciation. This impact of import prices on 3 CPI inflation is still expected to diminish slowly, with import prices pushing marginally up inflation at the end of the three-year forecast period. While the contribution from external factors slowly dissipates, domestic inflationary pressures are likely to firm as the economy moves from excess supply into excess demand. Unemployment has continued to fall, recently reaching its lowest level since 1975. The firming of shorter-term measures of wage growth in recent quarters, and a range of survey indicators that suggests pay growth will rise further in response to the tightening labour market, give increasing confidence that growth in wages and unit labour costs will pick up to target-consistent rates. The balance of these effects means that CPI inflation is projected to fall back gradually over the forecast although it remains above the 2% target in the second and third years of the MPC's central projection."
BoE_201802_opening,20180208,opening,Governor,governor,0,opening,1,BoE_201802_opening_1,30,52,20,"Forecasts As has been the case for some time, developments regarding the United Kingdom's withdrawal from the European Union are the most significant influences on, and sources of uncertainty about, the economic outlook. But the fact that Brexit negotiations entail significant uncertainty doesn't mean forecasting is impossible. It is useful to step back to assess how the economy has performed relative to the MPC's expectations in order to understand the forces at work on it.  Over the past year, the MPC has been at the upper end of forecasts for the global and UK economies. We have been right about those directions though the global economy has been even stronger than we had expected while the UK economy has been broadly in line with our forecast last February. 4  The MPC has expected a rotation of demand in the UK away from household consumption and towards net exports and investment. This appears to be happening, particularly with net trade contributing importantly to UK growth this year. And household spending growth has been restrained by the real income squeeze, a squeeze that is expected to ease but not end over the next few years.  The MPC has also been expecting a firming of wages as the labour market tightens and the rate of productivity growth recovers somewhat.  And finally, imported inflationary pressures arising from the referendum-related fall in sterling have been in line with our expectations and are still expected to be the predominant cause of the overshoot of inflation throughout our forecast. Policy In the exceptional circumstances prevailing since the referendum, the MPC has set policy to balance the trade-off between the speed at which inflation returns to target and the support that monetary policy provides to jobs and activity. Our understanding of the contours of economic developments since the referendum has meant this strategy has worked with employment rising and slack steadily being absorbed despite the sharp hit to household real incomes. As outlined in my letter today to the Chancellor, the steady absorption of slack has reduced the degree to which it is appropriate for the MPC to accommodate an extended period of inflation above the target. Consequently, in November, the MPC began to remove some stimulus, raising Bank Rate by ¼ percentage points to ½ per cent. 5 Three months on, the prospect of a greater degree of excess demand and the expectation that inflation would remain above the target over the forecast period have further diminished the trade-off that the MPC is required to balance. The MPC judges that, were the economy to evolve broadly in line with its February Inflation Report projections, monetary policy would need to be tightened somewhat earlier and by a somewhat greater extent over the forecast period than it anticipated at the time of the November Report, in order to return inflation sustainably to the target. All members agree that any future increases in Bank Rate are expected to be at a gradual pace and to a limited extent. The Brexit process will twist and turn before it is concluded. Whatever happens, the Committee will monitor developments closely and will respond to ensure that inflation returns sustainably to the 2% target. This principled, consistent and transparent approach to monetary policy is the best contribution that the MPC can make to monetary stability and therefore to the good of the people of the United Kingdom in these exceptional circumstances."
BoE_201802_transcript,20180208,transcript,Mark Carney,governor,1,opening,0,BoE_201802_transcript_0,1,22,17,"What the committee has said is that we expect that in order to return inflation sustainably to target, recognising that we expect the economy to move into a situation of excess demand, and inflation still to be above target at the three-year horizon. That, in order to bring it back to target over a more conventional horizon, which means moving it in from that three-year horizon, that it will be necessary, likely to be necessary, to raise interest rates to a limited degree, in a gradual process, but somewhat earlier and to a somewhat greater extent than we had thought in November. Stronger world, slightly less supply, greater excess demand, change in the trade-off. The message is not more rapidly, I would caveat that, in terms of your-, it's somewhat sooner and to somewhat greater extent. You made a jump from the policy horizon to the long-term outlook under various Brexit scenarios. What I can say about those impact assessments is the following. We haven't seen them, so it's hard to comment on reports of reports about the underlying assessments. My understanding of those, based on reports, is that they are what I would call 'comparative statics'. In other words, they're looking at the long-term impact of various trading relationships. Not just with the EU, but other countries, and they're best thought of as comparisons between each other, as opposed to-, they're not truly forecasts of where the economy would be, but they're best used, as I say, in terms of comparisons. If you think about the horizon over which those forces come into play, and if you think about where we are today, which is an agreement that has been struck amongst the UK and the EU 27, for a transition arrangement that will run, it is expected, until the end of 2020, or effectively just to the end of our forecast horizon, before there is a potential transition to those longer-term scenarios. Those dynamics are of interest to the MPC, to the extent to which they affect the expectations of businesses and households. What we are picking up in terms of households is that households are reacting to the current levels of real income, which, as we all know, have been squeezed, but not making an assessment of the longer-term path of income and wealth it could be affected by, whatever Brexit scenario there is. Businesses are reacting to the uncertainty about those various scenarios. It affects different businesses to varying degrees, but it is notable in terms of the effect on investment in the economy. In fact, based on our survey of more than 2,000 businesses across the country, our so called 'decision-maker panel', we're seeing 3% to 4% off the rate of growth of investment over the course of the last year. Investment has picked up, but not to the extent that one would have expected, given just how strong the global economy is, and just how culminative financial conditions are."
BoE_201805_opening,20180510,opening,Governor,governor,0,opening,0,BoE_201805_opening_0,0,56,50,"1 INFLATION REPORT PRESS CONFERENCE Thursday 10th May 2018 Opening Remarks by the Governor Three months ago, the MPC said that an ongoing tightening of monetary policy over the next few years would be appropriate to return inflation sustainably to its 2% target. That guidance was explicitly conditioned on the economy evolving broadly in line with the Committee's February Inflation Report projections. In the period since then, the economy hasn't fulfilled those conditions. Growth-at 0.1% in the first quarter of this year-was much weaker, and inflation-at 2.5% in March-was notably lower than we had projected in February. The key question is whether that softness will prove temporary or persistent. In other words, was weakness in the first quarter due to the weather or the climate? Weather The MPC's central assessment is that it largely reflects the former, and that the underlying pace of growth remains more resilient than the headline data suggest. The period of adverse weather hit the construction sector particularly badly, and weighed on activity more broadly, as people struggled to work and to make it to the shops. In the three months to February, employment rose by more than projected and the unemployment rate fell to 4.2%, the lowest rate in over 40 years and a touch below the MPC's estimate of the natural rate. Adding to the positives, job-to-job flows are back to their pre-crisis average rate and there is widespread evidence in employment surveys of a tightening labour market. 2 Climate The overall economic climate in the UK looks little changed thus far. In particular, the MPC has long forecast a rotation in demand towards net trade and business investment and away from household consumption. This is what has happened, and we expect it to continue. UK exporters remain in a sweet spot, with sterling down around 15% in anticipation of a Brexit that has not yet happened, particularly with a new draft transition agreement that extends unfettered access to EU markets until the end of 2020. Although they have eased slightly, the European and global economies are growing faster than trend and are projected to remain robust over the forecast period. As a consequence, net trade is projected to continue supporting UK growth over the next few years. Turning to business investment, evidence from both the Bank's Decision Maker Panel (of 3700 firms) and our direct contacts across the country indicate that the drag from Brexit uncertainty, while persisting, has not intensified. With continued support from strong external demand, limited spare capacity, the relatively high rates of return on capital and the low cost of finance, business investment is projected to expand at a moderate annual rate of around 4% over the forecast period On the consumer side, although there has been some reduction in the household savings rate since the referendum, this has been far from a debt-fuelled consumption boom. Rather, household spending has broadly tracked income and employment growth. There is somewhat greater uncertainty about the near-term momentum in consumer spending given the recent weakness in consumer credit and the housing market, with the possibility that households could opt to save rather than spend as their real incomes recover. 3 On balance, with the real income squeeze coming to an end and the adverse weather behind us, consumption growth is projected to recover over the forecast to rates broadly in line with the subdued pace of real income growth. To put that recovery in context, the MPC is expecting household consumption to grow over the next few years at about only half the rate before the referendum and merely one-third of the rate before the global financial crisis. So overall, the climate is one of modest demand growth with the combination of solid growth in net trade and moderate growth in business investment offsetting more subdued growth in household spending. These judgments leave the MPC's latest projections broadly similar to those published three months ago. In particular, GDP growth is projected to pick up after the weak first quarter to annual rates of around 1¾% throughout the forecast period. A critical judgment by the MPC is that such modest growth by historical standards is still likely to be sufficient to exceed the expected 1½% average annual growth in the economy's supply capacity. That diminished rate of supply growth reflects the climate of the past few years, with the shallowest investment recovery in half a century, lower growth in labour supply and modest productivity growth. Inflation With very little spare capacity remaining in the economy and with growth in demand outpacing that of supply, a small margin of excess demand is projected to emerge by early 2020. As a consequence, domestic inflationary pressures are expected to continue to build gradually to rates consistent with the 2% target. That offsets a waning contribution from import prices, so that inflation falls back over this year, to settle at the 2% target by mid-2020. Although CPI inflation has fallen back by more than expected at the time of February Report, that shortfall largely reflected lower-than-expected inflation rates across a range of import-intensive CPI components. Since sterling's depreciation, import prices have risen by less than the MPC had been expecting with pass-through from sterling world export prices currently running at around 50% rather than the anticipated 60%. In previous Reports, all of that gap was projected to be made up over the forecast period. But, with more signs that may not be happening, the MPC now judges that only half of the shortfall will come through. By contrast, domestic inflationary pressures have been strengthening as anticipated. As we had projected in February, regular pay growth has risen to just under 3%, and unit labour cost growth has firmed over the past couple of quarters to rates consistent with the 2% inflation target. Other measures of domestically generated inflation have also moved closer to their target-consistent ranges. Policy In the exceptional circumstances prevailing since the referendum, the MPC has set policy to balance the trade-off between the speed at which inflation returns to target and the support that monetary policy provides to jobs and activity. And domestic inflationary pressures are gradually building to rates consistent with the inflation target. The steady absorption of slack over the past year and the prospect of excess demand over the forecast period have reduced the degree to which it is appropriate to accommodate an extended period of inflation above the target. As a consequence, the MPC began to remove 5 some of the stimulus that monetary policy has been providing, raising Bank Rate to ½ per cent in November. At its May meeting, the majority of the Committee judged that it was appropriate to maintain the current accommodative stance of monetary policy. But if the economy evolves in line with the May Inflation Report projections, the MPC judges that an ongoing, modest tightening of monetary policy over the forecast period will be appropriate to return inflation sustainably to its target at a conventional horizon. As was the case before, that judgment relies on the economic data being broadly consistent with the MPC's projections. And as has long been the case, the MPC expects that any future increases in Bank Rate are likely to be at a gradual pace and to a limited extent. -------------------------- While the storms of February and March have given way to sunnier skies, the economic outlook for the UK remains clouded by Brexit uncertainties. Despite the welcome agreement on a transition period, the terms on which the UK will trade with the EU beyond that period remain to be determined. As negotiations progress this year, the medium-term economic climate will become clearer. As it does, households, businesses and financial markets will adjust. The MPC will monitor these developments closely and react as appropriate to ensure that inflation returns sustainably to the 2% target consistent with its remit."
BoE_201805_transcript,20180510,transcript,Mark Carney,governor,0,opening,0,BoE_201805_transcript_0,0,29,28,"Well, first thing, the people we speak to first and foremost are households and businesses across the country. If you look at surveys of households, like the HFI survey, if you look at the most recent Deloitte CFO survey, if you do the surveys and the meetings that we do with businesses and meet with consumer groups across the country, the expectation of those individuals, more than three quarters of those, whether they're individuals or businesses, is that interest rates are likely to go up at some point over the course of the next year, probably a couple of times over the course of the next year, year and a half. So, they are in a position that they can plan accordingly for that possibility. They don't think it's a guarantee, they think it's a likelihood. You would also, if you meet with households and businesses as you do, know that they think that we will react accordingly to the underlying conditions in the economy. So, first point is who do we speak to first? We speak to the people we serve, which are directly households and businesses. The second is that the judgement about the stance of policy, to get into the technicals, relate to the balance of supply and demand in this economy. Now, we have been as clear as we can be, I think, about where we think the rate of supply growth is in the economy. We've given a figure for the natural rate of unemployment, we revise that, we update that once a year, we've updated it 4.25%. We've given a view on what the rate of potential growth is, or the speed limit of the economy, about 1.5%. We've also given a view about the overall level of slack, which as of today we view as very limited in the economy. So, the question is, which one can have an opinion on, but one can't prejudge, how fast is this economy going to grow, relative to that speed limit? We can't guarantee an outcome for economic growth, it's affected by a variety of factors, both external and internal. You can make a judgement that if the economy is growing faster than the speed limit, it's likely, certainly in our view, that domestically-generated inflationary pressures are going to continue to pick up. Consistent with that, some withdrawal of monetary stimulus would be required. Now, there are a lot of people in financial markets, they will have a range of views about the likelihood of that, they will be influenced by their views of the European economy, by their views of animal spirits in businesses, potentially by their views of likely outcomes of Brexit negotiations, potentially all of the above. If they can form a view of where they think the economy is going and update that view as the data comes in and what it informs, then they can make a judgement about what we're likely to do. It probably won't be the last word, but the last word in response to you. In terms of the decision at this meeting, we had data come in lower than our expectations. It was mixed, there was some stronger data, but on balance, it was mixed and weaker. Certainly, the hard data, the ONS data was lower than expectations. In a world where you're looking at limited and gradual rate increases, you sit down and say, 'I think the most likely thing is that the underlying momentum in the economy is still there, above that modest hurdle that I described, the 1.5% speed limit of the economy.' We think it's still there, that's the view of the committee as a whole, that's what's in our projection. Do you act now or do you wait to see evidence that that momentum is 2 reasserting? The judgement of the committee, the majority of the committee, is you wait to see for some evidence of that reasserting. Now, the market and those who follow closely what we do can make their own judgement about how likely that is, and they will update those views as information comes in. For households, businesses focussed on other things, they have, I think, we know as of now, the general orientation, which we're confirming today, that interest rates are likely to go up to a limited extent and at a gradual pace and they should plan accordingly."
BoE_201808_opening,20180802,opening,Governor,governor,0,opening,0,BoE_201808_opening_0,0,28,27,"1 INFLATION REPORT PRESS CONFERENCE Thursday 2nd August 2018 Opening Remarks by the Governor If a week is a long time in politics, two years is an eternity in monetary policy. Two years ago, at a time of heightened uncertainty, the MPC instituted a comprehensive package of easing measures, including cutting Bank Rate to a historic low of ¼% and purchasing an additional £70 billion of assets. Today, the MPC is raising Bank Rate by ¼ percent points to ¾%. Two years ago, the UK economy had substantial spare capacity and domestically generated inflation was low. Business confidence had fallen sharply to levels last seen in the wake of the financial crisis. Inflation was expected to overshoot its target, entirely because of the sharp drop in sterling, which itself reflected the view of financial markets that Brexit would bring a large negative real shock to UK relative incomes. In these exceptional circumstances, the MPC rightly chose to support jobs and activity while it extended the horizon over which it returned inflation to target. Today, employment is at a record high, there is very limited spare capacity, real wages are picking up and external price pressures are declining. With domestically generated inflation building and the prospect of excess demand emerging, a modest tightening of monetary policy is now appropriate to return inflation to the 2% target and keep it there. 2 Activity UK growth in the second quarter is estimated to have rebounded as expected, consistent with the MPC's judgment that the slowdown in the first quarter primarily reflected the weather not the economic climate. Construction output rose in May at its strongest rate in two years. Retail sales grew at their fastest pace in three years. And broader survey indicators of output growth have been in line with the Committee's expectations. In the MPC's latest projections, conditioned on the gently rising path for interest rates implied by the market yield curve, UK demand is expected to continue to grow around its current pace. Household consumption is expected to grow at a modest rate, broadly in line with real incomes. With continued support from external demand, limited spare capacity, the relatively high rates of return on capital and the low cost of finance, business investment is projected to expand at an annual rate of around 3½% over the forecast period - a subdued pace relative to past recoveries reflecting the drag from Brexit-related uncertainties. Although trade tensions have increased and growth has become more uneven, global growth is projected to remain above-trend, supporting UK activity over the next few years. UK exporters remain in a sweet spot, with sterling down 17% in anticipation of a Brexit that has not yet happened. Overall, demand growth is likely to average around 1¾% over the forecast, just above the new, subdued rate of supply growth. That is more than sufficient to absorb the very limited 3 degree of spare capacity that currently remains in the economy and move the economy into excess demand by late 2019. Inflation CPI inflation has fallen back towards the MPC's 2% target since the start of 2018, reaching 2.4% in June. Above-target inflation continues to reflect the effects of sterling's past depreciation as well as higher energy prices. The Committee's latest inflation projection is a little higher than in May, reflecting the effect of the recent rises in energy prices and the 2½% depreciation of sterling. Such external factors could inject some volatility into the path for inflation in the near term. The bigger picture, however, remains one of external cost pressures easing, with the peak impact on inflation from the referendum-related fall in sterling now behind us, and domestic inflationary pressures continuing to build as slack is absorbed. Unemployment is at a 42 year low and is projected to fall a little further below the MPC's estimate of its equilibrium rate. Both the employment rate and number of vacancies are at record highs, and job-to-job flows are back around pre-crisis levels."
BoE_201808_opening,20180802,opening,Governor,governor,0,opening,1,BoE_201808_opening_1,29,54,26,"Pay growth has picked up in recent years, as the labour market has tightened and companies have found it harder to recruit and retain staff. Across the economy as a whole, growth in average wages excluding bonuses has risen from around 1¾% a year during 2010-15 to around 2½% in 2016, and wage growth is expected to have picked up a little further to around 2¾% around the middle of this year. 4 The picture of strengthening pay is corroborated by a range of indicators. The median pay settlement recorded in the Bank's settlements database has risen to around 2.5% this year, having been steady at around 2.0% for the past three years. Survey evidence from the Agents suggests that pay settlements will rise further this year. And the REC pay indices remain well above their historical averages for both permanent and temporary employees. Although current rates of pay growth are lower than pre-crisis averages, this largely reflects weak productivity growth. As a result, domestic inflationary pressures are rising, with (whole economy) unit labour cost growth increasing from ½% on average during 2010 -15 to 1¾% in 2016, and to above 2% most recently. Unit labour cost growth is projected to average around 2¼% over the forecast, a rate consistent with inflation at target. The Outlook for Monetary Policy In this environment, an ongoing, limited and gradual tightening in monetary policy is likely to be required in order to return inflation sustainably to the target at a conventional horizon. In the MPC's central projection, conditioned on the market path for Bank Rate that incorporates around three rate rises over the next three years, inflation remains above target at the conventional two-year horizon. And if Bank Rate were to remain at its new level of 0.75%, inflation would be expected to remain above the 2% target throughout the next three years. Two issues will have a particularly important influence on the setting of policy going forward. 5 The first, Brexit, is on the front of the papers and the top of the news bulletins most days. As has been the case for some time, the MPC forecast is conditioned on the assumption of a relatively smooth transition to an average of a range of outcomes. This is not a prediction but rather a simplifying assumption which broadly reflects how UK businesses and households are behaving. The Committee recognises that the economic outlook could be influenced significantly by the response of households, businesses and financial markets to developments related to the process of EU withdrawal. Negotiations are now entering a critical period, with the UK and EU both seeking an agreement by the end of the year. Although the range of potential outcomes is wide, what matters for monetary policy is how people react to developments - and how these reactions affect the balance of supply, demand and the exchange rate. Thus far, British households have been resilient - but not indifferent - to Brexit news. Consumer confidence has been little changed in recent months, below its pre-referendum levels but around its longer term average. Household spending has been increasing broadly in line with real incomes, though household borrowing for major purchases has slowed and the housing market is subdued. Financial markets - particularly sterling - marked down the UK's relative prospects quickly and sharply. Risk premia on sterling assets have increased somewhat in recent weeks. Since the referendum, business investment has picked up but businesses have invested much less aggressively than usual in response to an otherwise very favourable environment. There 6 are signs that business sentiment is softening again, with references to ""uncertainty"" in their conversations with the Bank's agents spiking sharply and concerns about Brexit reported in the Deloitte CFO survey at their highest level since the referendum."
BoE_201808_opening,20180802,opening,Governor,governor,0,opening,2,BoE_201808_opening_2,55,71,17,"The second issue - the equilibrium interest rate, or r* - is as obscure as Brexit is prominent. The equilibrium interest rate is the interest rate that, if the economy starts from a position with no output gap and inflation at target, would sustain output at potential and inflation at target. r* is not a direct guide to the setting of monetary policy. Rather, it provides a way to think about the forces acting on the economy, and whether policy is stimulative or contractionary. The appropriate level of Bank Rate depends not only on the level of r* but also on the need to close any output gap or whether shocks merit varying the horizon over which the MPC seeks to return inflation to target. The MPC published today its assessment of the factors influencing the equilibrium interest rate. The key messages are: - The level of Bank Rate consistent with output at potential and inflation at target has fallen significantly from pre-crisis levels. - This has been caused both by structural forces - such as productivity and demographics - and shorter-term forces - such as uncertainty and private and public deleveraging - which have pushed the equilibrium interest rate down further. - As a consequence, even though Bank Rate has been very low, the stance of monetary policy in recent years has been mildly rather than wildly accommodative. 7 - Indeed, the facts that today the economy is at full employment and core CPI is 1.9% tell us that the combination of historically low rates and asset purchases of two years ago was about right. Tighter policy then would have led to worse outcomes now. The box also provides context to our long-held guidance that rate rises are expected to be limited and gradual. Limited because we think the structural factors that have pushed down the trend equilibrium real rate are likely to persist. And gradual because we think the domestic short-term factors (particularly headwinds from uncertainty and fiscal drag) will fade slowly. As a result, r* can be expected to rise gradually. Policy needs to walk - not run - to stand still. --------------------------------- In recent years, the UK has faced a series of supply shocks and regime shifts that have created a series of difficult trade-offs for monetary policy."
BoE_201808_opening,20180802,opening,Governor,governor,0,opening,3,BoE_201808_opening_3,72,81,10,"Brexit is the most recent and potentially the most important. If the economy were to continue to develop broadly in line with the Inflation Report projections, the MPC judges that an ongoing tightening of monetary policy over the forecast period would be appropriate to return inflation sustainably to the 2% target at a conventional horizon. As was the case before, that judgment relies on the economic data being broadly consistent with the MPC's projections and on how households, businesses and financial markets respond as Brexit progresses. Any future increases in Bank Rate are likely to be at a gradual pace and to a limited extent. 8 The Bank is well-prepared for whatever path the economy takes, including a wide range of potential Brexit outcomes. The UK banking system has sufficient capital to continue lending even through a disorderly, cliff-edge Brexit, however unlikely that might be. For cliff-edge Brexit risks that private financial institutions cannot self-solve, the Bank of England is working with HMT to find solutions. Where the issues are cross border, the Bank is working with the ECB to manage them. The MPC will respond to any persistent change in the outlook to bring inflation sustainably back to 2% target while supporting jobs and activity. That is how we set policy two years ago, it is how we are setting it today, and it is how we will do so in the future."
BoE_201808_transcript,20180802,transcript,Mark Carney,governor,0,opening,0,BoE_201808_transcript_0,0,24,24,"Okay, there are a couple of ways to answer that. I'll make a few points and then pass to Ben, if I could, because this is an important issue. The first thing I want to say is, we spend a tremendous amount of time as the MPC but also as the FPC, looking at the various cohorts of households, if I can put it that way. So, highly-indebted households, households who have cleaner balance sheets, households in different regions, households with a lot of floating rate exposure, households with a lot of assets, and try to determine, if it's the FPC, where the pockets of risk are and what can be done about them. If it's the MPC, what is the aggregate impact of any change in monetary policy on spending decisions on the economy. We make the point, very importantly, as an MPC, is what we're looking to do is to return inflation not just to target but sustainably to target. So, we're looking to take into account those feedbacks from the change in interest rate. The second is part of our guidance, in fact, the first purpose of our guidance on interest rates, which has been twofold. (1) We've been saying this for a while, expect interest rates to go up, but (2) expect them to go up at a gradual pace and to a limited extent, is to give households, first and foremost, also businesses and then financial market, some context to the type of changes that we think are necessary for that sustainable path for the economy. We're in a situation, and you can look at it a variety of ways, but in the run-up to this rate increase, and it's been the case for a while, about three quarters of households have expected that rates would go up over the course of the next year. A similar, in fact higher proportion of businesses, similar expectations. Obviously, for financial markets, it's very precisely calibrated to certain points in time. Then, what we do, to go back to the first point, is look very carefully at the ability for various households to shoulder interest rate increases, and, of course, the benefit of interest rate increases to those households who carry significant savings. It is detailed in this monetary policy report, some of the analysis that we look at, and it's not comprehensive but it's some of the analysis. I think the important thing to recognise is that since the financial crisis, over the course of the last ten, eleven years, British households, UK households, have worked very hard to put themselves in a better financial position. Now, that has been difficult because, as we all know, real income growth has been quite slow. The fact is that they've paid down a lot of debt and actually, their ability to service that debt, the ability to pay debt, has improved quite markedly. I'm going to give you two snapshots on this that are detailed in the report. If you look at the average debt service ratio of households, it's currently well below historic averages, and certainly below the peak of going into the crisis. It would take another 100-basis-point increase in interest rate, so a 1% 2 increase in interest rates, instantaneously, to bring that debt-servicing burden back to the historic average. Of course, that's a calculation that's done without any increase in households' income alongside. Now, it would be a pretty curious set of circumstances that an MPC were to raise interest rates substantially without, you know, some corresponding growth in household incomes, but that gives you a sense of it. Secondly, another calculation in there which is important, is when you look at those households who are more burdened by heavy debt, so those who have debt service ratios above 35, above 40%, to get that proportion of households back to the historic average, not the pre-crisis peak, the historic average, would take 200 basis points of rate increases, again, without any corresponding increase in wages. So, there is a lot more capacity that, through the hard work of UK households, they have created to service those debts."
BoE_201811_opening,20181101,opening,Governor,governor,0,opening,0,BoE_201811_opening_0,0,23,24,"1 INFLATION REPORT PRESS CONFERENCE Thursday 1st November 2018 Opening Remarks by the Governor A series of transitions are underway that will affect the outlook for the UK economy and the stance of monetary policy. First, global financial conditions have begun to tighten and trade growth is slowing. As a consequence, while the global economy continues to grow at above-potential rates, growth is becoming more uneven and is expected to decelerate towards its potential over the next few years. Second, UK fiscal policy is shifting from a restrictive to a more accommodative stance. Third, and most importantly, the UK economy is in the process of adjusting to a new, and as yet uncertain, economic relationship with the European Union. As has been the case since the referendum, the MPC's forecasts are conditioned on the assumption of a smooth transition to the average of a range of potential Brexit outcomes. As the deadline for concluding the Withdrawal Agreement approaches, the expectations of households and businesses are diverging somewhat from this base case assumption. In general, households are more sanguine, while businesses are more wary. These shifting expectations could lead to some greater-than-usual short-term volatility in the data. 2 Momentum in household consumption appears to be greater than previously thought. UK households remain resilient to a Brexit that has not yet happened. Consumer spending is being supported by a tight labour market, with the employment rate and vacancies at record highs and the unemployment rate close to record lows. Regular pay growth has been stronger than the MPC had expected, rising to over 3%. In contrast, business investment has been weaker than previously anticipated. The level of investment fell by more than 1% in the first half of the year and is now almost 15% lower than the MPC had projected just before the vote. As the Brexit deadline looms, UK companies are now understandably postponing investment until they have greater clarity over the UK's future trading relationship with the EU. Financial markets are hedging their bets against Brexit downsides, with sterling risk reversals building, despite sterling being already being some 15% below its pre-referendum peak. In the Committee's central projections, GDP growth averages around 1¾% over the forecast period. Consumption grows modestly relative to historical rates, rising broadly in line with the subdued pace of real income growth. Growth in business investment is expected to stay subdued in the near term, before rebounding as the current Brexit-related uncertainty wanes. Net trade is also expected to contribute positively to growth, supported by solid global growth, the lower level of sterling, and (the assumed) significant access to EU markets over the next few years. The MPC's projections were finalised before the Budget had been announced. The Committee will assess the implications of the Budget measures at its next meeting. 3 Although modest by historical standards, the projected pace of UK GDP growth is slightly faster than the diminished rate of supply growth, which averages around 1½% per year."
BoE_201811_opening,20181101,opening,Governor,governor,0,opening,1,BoE_201811_opening_1,24,68,41,"The MPC judges that demand and supply are currently broadly in balance. As a consequence, over the forecast, a margin of excess demand emerges as demand growth exceeds potential supply growth. Whole economy regular pay growth has risen from around 1¾% per year on average between 2010 and 2015, to 2½% in 2016 and 3.1% in Q3 of this year. With productivity growth remaining below rates typically seen before the crisis, pay growth doesn't need to be as high as its pre-crisis average for unit labour cost growth to be consistent with meeting the inflation target. Inflation is currently above the MPC's 2% target, boosted by the effects of higher energy costs and the rise in import prices associated with sterling's past depreciation. The contribution from these external factors is projected to fade over the forecast period. Taking waxing domestic and waning external influences on inflation together, CPI inflation is projected to remain above the target for most of the forecast period before reaching 2% by the end of the third year. At its meeting yesterday, the MPC judged that the current stance of monetary policy remains appropriate. The Committee also judges that, were the economy to continue to develop broadly in line with the November Inflation Report projections, an ongoing tightening of monetary policy over the forecast period would be necessary to return inflation sustainably to the 2% target at a conventional horizon. Any future increases in Bank Rate are likely to be at a gradual pace and to a limited extent. 4 The economic outlook depends significantly on the nature of EU withdrawal, in particular: the form of new trading arrangements between the EU and UK; whether the transition to them is abrupt or smooth; and how households, businesses and financial markets respond. Whatever happens, monetary policy will act to ensure price stability, and subject to that, provide support for the economy during the transition. ************* As the MPC has repeatedly stressed, the implications of Brexit for the appropriate path of monetary policy will depend on the balance of its effects on demand, supply and the exchange rate. Demand Withdrawal from the EU will affect demand for goods and services produced in the UK because of changes to the ease with which UK companies can trade with the EU, levels of uncertainty about the future relationship and earnings prospects and financial conditions. These effects over the MPC's policy horizon are likely to be more negative the greater the disruption to the economic relationship between the EU and UK, and more positive if there is less disruption. Supply The extent to which changes in demand affect inflationary pressures will depend on how the supply capacity of the economy evolves. As trading relationships change, reductions in openness are likely to reduce the economy's productive capacity for a period of time. Shifts in production across sectors will be neither seamless nor costless, as resources in different 5 sectors, including labour, are often highly specialised. This will drag on supply as the adjustment process unfolds. As changes in supply are usually gradual, they normally have less bearing on monetary policy in the short term than changes in demand. If the future economic relationship between the EU and UK changes only gradually, supply losses would emerge relatively slowly. In some Brexit scenarios, however, it is possible that the UK's supply capacity could fall sharply. For example, an abrupt and disorderly withdrawal could result in delays at borders, disruptions to supply chains, and more rapid and costly shifts in patterns of production, severely impairing the productive capacity of some UK businesses. The exchange rate The prospects for inflation will also depend on how the exchange rate reacts and on any tariffs that result from the new trading arrangements. In the case of a smooth transition to a relationship judged to have a relatively small long-term economic impact, financial market participants might expect a smaller hit to UK real incomes than they currently anticipate, causing the pound to appreciate. In contrast, a disruptive withdrawal from the EU could result in a more pessimistic view of future income and some further depreciation. 6 Implications for monetary policy Since the nature of EU withdrawal is not known at present, and its impact on the balance of demand, supply and the exchange rate cannot be determined in advance, the monetary policy response will not be automatic and could be in either direction. In the case of a smooth transition to a relatively close economic relationship, the extent to which domestic inflationary pressures increase would depend on the balance between an expected rebound in demand as uncertainty fades, any further impacts on supply over the MPC's policy horizon, and the scale of the likely appreciation of sterling. In contrast, a disruptive withdrawal from the EU would probably result in a further decline in the exchange rate and a large, immediate reduction in supply. Set against that, it is likely that demand would weaken as a consequence of lost trade access, heightened uncertainty, and tighter financial conditions. The overall extent of inflationary pressures would depend on the balance of these forces, as well as the evolution of inflation expectations. Three other considerations will be important to the conduct of monetary policy. First, the current situation differs materially from that on the eve of the referendum. The economy is now broadly in balance, rather than in being material excess supply as it was then. And if Brexit is disorderly, any disruption to supply capacity will be immediate and material rather than distant and speculative. Second, there is little that monetary policy can do to offset large, negative supply shocks, which occur relatively rarely in advanced economies. 7 Third, in exceptional circumstances, the MPC's remit allows the Committee to extend the horizon over which it returns inflation to the target in support of its objectives for growth and employment. Given the economy's starting position, this flexibility would only become relevant if the shock to demand were greater than that to supply. In that event, the Committee would explain clearly its approach to managing any trade-off between inflation and output variability, including the horizon over which it is seeking to return inflation to the target. ************* However the Brexit process unfolds, monetary policy will remain guided by the constancy of the inflation target. The MPC will respond to any material change in the outlook, adjusting policy in either direction, as required to bring inflation sustainably back to the 2% target while supporting jobs and activity during this most important transition for the people of the United Kingdom."
BoE_201811_transcript,20181101,transcript,Mark Carney,governor,1,opening,0,BoE_201811_transcript_0,0,9,9,"First, let's be clear that a no-deal, no-transition Brexit is not the most likely scenario. So, we're talking about a less likely scenario, tail scenario. Now, we have to be prepared for that, and the committee has given the guidance it has to provide some context to that. Second point is, as the committee has emphasised, it matters what happens to all three factors, the main factors. The exchange rate, what happens to demand and what happens to supply. Thirdly, what is unusual about that situation if it were to come to pass, and it's not the most likely thing, is that there would be a hit to supply, potentially fairly large, and certainly more rapid than one is accustomed to in an advanced economy. The consequence of that, the committee would need to balance the inflationary consequences of that, the potential inflationary consequences of movements in the exchange rate and potentially tariffs. Weigh that against an obvious desire to provide what support we could to the economy, to jobs and activity in the economy. So, there are scenarios where policy would need to be tightened in the event of a no-deal, no-transition, so-called disorderly Brexit, but I would stress that, you know, it's not the view of the committee that that is that most likely scenario."
BoE_201902_opening,20190207,opening,Governor,governor,0,opening,0,BoE_201902_opening_0,0,13,14,"1 INFLATION REPORT PRESS CONFERENCE Thursday 7 February 2019 Opening Remarks by the Governor The Fog of Brexit There's a story that, a century or so ago, The Times ran the headline, ""Fog in the channel, continent cut off"". I stress that this is just a story because like much regarding the UK and Europe it's difficult to separate fact from fiction.1 Cutting off the continent is not, of course, the intention of Brexit. The UK is leaving the European Union not leaving Europe, and it's pursuing an ambitious, broad economic and security partnership. But the exact form of that partnership, how it will be settled, and when that settlement will take effect are all still unclear. That Fog of Brexit is causing short-term volatility in the economic data, and, more fundamentally, it's creating a series of tensions. Tensions for business: - Although many companies are stepping up their contingency planning, the economy as a whole is still not yet prepared for a no deal, no transition exit. As just one example, half the businesses in the latest survey by the Bank Agents are not ready for such a possibility, and on balance respondents expect UK output, employment and investment to contract substantially if it were to occur. - Actual business investment is likely to have fallen 3% over the past year despite the ongoing domestic expansion, strong corporate balance sheets and high business profitability. The latest indicators (including from the Bank's Decision Maker Panel of over 7000 firms) suggest more of the same. 1 There is a running controversy about this purported example of splendid isolationism, which is oft cited but seldom sourced. Professor Niall Ferguson has called it an enduring myth - ""just the sort of story that is invented by an Englishman and told by Englishmen to amuse other Englishmen"", in the words of a letter to The Times from Moray McLaren, published on 3 November 1939. The intrepid librarians at the Bank of England have verified that the headline ""Fog in the Channel"" did appear in The Times on 9 August 1888. But while the article that followed reported that ""Traffic in the Channel was much impeded"", with several vessels stranded or grounded, the headline itself made no reference to the continent being cut off or otherwise isolated. 2 - There is increasing evidence that companies are also building stocks as part of their contingency planning."
BoE_201902_opening,20190207,opening,Governor,governor,0,opening,1,BoE_201902_opening_1,14,58,40,"It is likely that these have a strong import component thereby limiting the net impact on aggregate demand. Even though companies aren't currently investing, they have been hiring, with the employment rate now the highest since records began in 1971. The Fog of Brexit is creating tensions for households: - Despite that strong labour market, consumer confidence took another step down in January. The gap between the relatively high confidence that households have in their personal financial situation and their more sceptical view of the general economic outlook is now extraordinarily wide. - It is possible that such uncertainty is holding back spending on durables, including cars and housing. - Indeed, with house prices now flat nationwide and mortgage demand soft, spending on all aspects of housing (including renovations and transactions) could be a short- term drag on growth. - Retail sales contracted by 0.2% in Q4 and indicators suggest spending growth has been modest since the start of the year. - Nonetheless, given the historical resilience of the UK consumer and the strong growth in household real incomes (which are likely to have risen by 2½% in the year to 2019 Q1, the strongest since the referendum), household spending is an upside risk to our forecast. And the Fog of Brexit is creating tensions in financial markets: - Financial markets remain sensitive to Brexit-related news, and a variety of risk premia on UK assets are elevated. - Given the wide range of potential scenarios and the various paths to them, it would be remarkable if the current levels of sterling and other UK financial asset prices were consistent the outcome that finally emerges. 3 How these tensions are reconciled once the fog lifts will have consequences for the path of monetary policy in ways that cannot be predicted in advance. To forecast the economy and set monetary policy accordingly, the MPC must make a series of judgments. First, given the dynamics of the negotiations, we are now assuming uncertainty remains elevated for a while and that financial conditions stay tighter for longer. Second, we have downgraded our forecast for UK weighted global GDP by 0.5 per cent. Over the past year the global economy has transitioned from robust, broad-based expansion to a widespread slowdown, with all major regions currently decelerating in the wake of tighter financial conditions and rising trade tensions. Nevertheless, with the easier paths of monetary policy in all major economic areas implied in markets, the MPC expects global growth will stabilise later this year at around potential rates. As usual, our projections incorporate a number of assumptions: - Paths for oil prices (and energy prices more broadly) which are expected to push inflation below the 2% target in the near term; - A conditioning path for the sterling exchange rate which is down 1% on November; - Market interest rates which suggest a gently rising path for Bank Rate over the next three years; - The path for government spending and taxation as set out in the Autumn budget, which raises GDP over the forecast period by around one third of a percent relative to the previous plans; and - Most importantly, a smooth transition to a Brexit deal that is the average of various possibilities. The MPC recognises that these assumptions and judgments will need to be updated once greater clarity emerges about the nature of EU withdrawal. 4 For now, these judgments and assumptions lead to a forecast in which: - Business investment and economic growth soften further in the near term before picking up sharply as the fog clears. UK GDP growth is expected to rise to 2% by the end of the forecast, building excess demand in the process. - Inflation dips below target in the near term before picking up and settling a little above the 2% target for the balance of the forecast. While much is uncertain at present, one certainty is that the UK economy will not evolve exactly as described in this Inflation Report. - For starters the average of a range of different outcomes is not the same as a specific deal. - The timing of both the agreement and of its implementation could change. - The pace of rebound in investment and the pickup in consumption could be different; and - Whatever form Brexit takes, the world will still turn and its outlook evolve. In the context of Brexit, uncertainty itself is one of the factors driving the outlook for growth and inflation. To illustrate these effects, the MPC has provided key sensitivities of our projections to Brexit uncertainties. - Any persistent adjustment in sterling would likely have material consequences for inflation at the policy-relevant horizon, due to the slow speed of pass-through into consumer prices. For example, a depreciation or appreciation of 5% would leave inflation 0.3 percentage points higher or lower three years from now, all else equal. - The outlook for growth and inflation also depends heavily on the extent to which Brexit uncertainties evolve. Uncertainty about the outcome of negotiations has intensified since November and is now weighing more heavily on activity, predominantly through lower business investment and tighter financial conditions. 5 - Depending on how negotiations progress (particularly regarding clarity about the ultimate form of the new economic partnership), Brexit uncertainties could dissipate sooner or intensify further than the MPC has assumed in its central projection. A more rapid decline could boost annual GDP growth by around 0.5 percentage points on average over the forecast period and raise inflation in the medium term by 0.4 percentage points. By contrast, a further rise in uncertainty and tightening in financial conditions could push demand growth below supply growth and leave inflation below the 2% target. Implications for Monetary Policy While uncertainty is affecting the near term performance of the economy, judging the appropriate stance of monetary policy requires focusing on the more persistent factors affecting inflation. Based on the MPC's smooth Brexit conditioning assumption, growth is expected to pick up to rates above the rate of growth of supply capacity, excess demand is likely to build, and inflation to settle slightly above the 2% target. If these circumstances come to pass, the Committee judges that an ongoing tightening of monetary policy over the forecast period, at a gradual pace and to a limited extent, would be appropriate to return inflation sustainably to the 2% target at a conventional horizon. The appropriate path of monetary policy will depend on the balance of the effects of Brexit on supply, demand and the exchange rate. The response will not be automatic and could be in either direction. ------------------------------------- Although it isn't clear how long the fog of Brexit will last, whatever the weather, the MPC will always act to achieve the 2% inflation target, consistent with its remit."
BoE_201902_transcript,20190207,transcript,Mark Carney,governor,1,opening,0,BoE_201902_transcript_0,1,19,14,"Well, the first thing I'll say is that the good news is that household real incomes have been growing. In fact, to the balance of this year, in the latter half of 2018 and we think extending into the first quarter of this year, household real income growth is as strong as it's been since the referendum. Part of that is inflation coming down, but also, in a tight labour market, we've seen wages pick up. Something that's in this report, and I think we should reinforce, is whether it's our surveys of businesses, other surveys, and actual reported data, we have seen a steady pickup in real wage growth, both in the private sector, also in the public sector, and what matters for inflation is we've seen a pickup in unit wage costs, so called. They're still in a position, if you look at what might have happened, and, of course, it's conjecture what might've happened, where they are not as well off as they could've been, but it's headed in the right direction. I think, very important, the second part of your question, around sensitivities and uncertainty. So, I think, you know, one of the messages, and it's a pretty obvious message but sometimes it's useful just to state the obvious, this is a time of quite considerable uncertainty about one of the most important issues, the most important issue, facing this economy, facing households, facing businesses. It's important that parliament gets it right and they're taking the time to do that. We see it across the board in businesses, we're starting to see it creep into the housing market, we're seeing it in household spending, but that is a short-term effect which doesn't tell us a lot about where the economy is going. The key thing about where the economy is going is going to be the nature of the agreement, or one of the most important influences is going to be the nature of the agreement and the time it takes to get there. What we have done in this forecast is recognise the intensification of uncertainty, the bigger impact uncertainty is having on those spending decisions, and we have projected it to last a little longer than we previously had expected. So, recognition that not everything may be tied up in a nice package by the end of March, and that there may still be some uncertainty about the ultimate direction, or, and this is as important, the perceptions of households and businesses about the ultimate direction, that is affecting the economy. So, that's why there's upside here, and I would stress that. If there's clarity on the deal sooner, and we know the direction we're headed sooner, and there's a smooth transition to that destination, and, just to give an illustration of that, we provided a sensitivity where uncertainty goes down, we would expect the economy to pick up even more than in this forecast."
BoE_201905_opening,20190502,opening,Governor,governor,0,opening,0,BoE_201905_opening_0,0,16,13,"1 INFLATION REPORT PRESS CONFERENCE Thursday 2 May 2019 Opening Remarks by the Governor Introduction Back in February, the MPC observed that the Fog of Brexit was creating a series of tensions for UK businesses, households and financial markets, and that this was occurring against a backdrop of considerable trade and financial pressures in the global economy. At that time, the short-term outlook for the UK economy was subdued, and the data were expected to be unusually volatile and potentially less informative than normal. But provided clarity emerged about the future relationship with the EU and the worst of the global risks were avoided, the MPC expected that UK growth would pick up to above potential rates, domestic inflationary pressures would build gradually and a modest ongoing withdrawal of monetary stimulus would be required to keep inflation sustainably at target over the policy horizon. In particular, there has been a further marked easing in global financial conditions triggered by revisions to the monetary policy outlooks in major economies. This has spilled over to lower yields and to ease financial conditions in the UK. There have also been signs that global trade is stabilising and trade tensions, for now at least, have abated somewhat. Partly as a result, activity appears to be stabilising in the major economies. The hard data now suggest that global growth troughed towards the end of last year, and the survey data bottomed out shortly thereafter. Recent developments are consistent with the MPC's expectations for a modest pickup in global growth over the course of this year to around potential rates. In contrast to this more benign global backdrop, domestic tensions remain. To get a sense of their consequences, it is helpful to review the how the UK economy has performed relative to MPC's forecast from February last year. Overall GDP growth appears bang in line with our forecast. However, its expenditure components are substantially different, with the expected rotation from consumption towards business investment and net exports failing to materialise."
BoE_201905_opening,20190502,opening,Governor,governor,0,opening,1,BoE_201905_opening_1,17,53,37,"Instead, higher employment and stronger wage growth meant that household consumption was stronger than anticipated, growing by 2% versus 1½% expected. Offsetting that positive news, business investment fell by more than 2% rather than growing by 4%. And net trade subtracted ½ a percentage point from the expansion instead of contributing ¾ of a percentage point to growth. Businesses This pattern looks set to continue in the near term. The latest business investment intentions surveys point to further declines over the next few quarters, which would mark the longest run of falling investment in the post-war era. Falling investment is weighing on productivity growth, boosting unit labour costs, and supporting domestically generated inflation. Unable to plan for their long-term future, UK businesses have focused on short-term Brexit contingency plans. Concerned about disruptions to trade given the potential 29th March cliff edge, companies on both sides of the Channel brought forward production, pushing UK goods imports and exports with the EU to decade highs in the three months to February despite the doldrums in both economies. According to our Agents' surveys, the proportion of UK firms with contingency plans in place has risen from around one half in February to over three quarters at present. 3 Stock building has been central to the plans of over two-fifths of survey respondents, boosting GDP in the first quarter. Nevertheless, it remains the case that companies are only as ready as they can be, and they expect a marked decline in the rate of growth, investment and employment in the event of a hard Brexit. In recent surveys, firms expected their output would fall by 3½% in the event of a no deal no transition Brexit. Faced with a high option value of waiting for news about Brexit, companies in aggregate appear to have favoured hiring relative to capital investment. As a result, the UK labour market has outperformed expectations over the past year, with employment and wage growth both surprising on the upside. The resulting strength in real income growth has supported consumption, which in turn has driven domestic demand. Households Four-quarter real income growth picked up further in the first quarter, and surveys of consumer confidence indicate that households remain relatively optimistic about their own financial prospects, despite being pessimistic about the overall economic situation. That divergence may be the reason why the only area of household spending discernibly restrained by Brexit is the housing market, where transactions are currently subdued and prices stagnating. In aggregate, Q1 GDP growth is projected to come in 0.3pp stronger than expected in the February Report. Around half of that upside surprise could be due to the boost from Brexit-related stock building. Consistent with reports from the Bank's Agents, the MPC expects a corresponding drag to growth in Q2. Smoothing through this volatility, the underlying pace of growth is a touch stronger than the MPC had previously assessed, though it is still a little below potential, meaning that the current margin of slack in the economy is expected to widen a little in coming quarters. 4 Financial markets While UK financial markets remain sensitive to Brexit-related news, global developments appear to have driven down the market curve for Bank Rate that underlies the MPC's projections. Expectations of policy rates in the US and euro area have fallen significantly since the February Report and market expectations for the path of Bank Rate have followed. That path currently implies that Bank Rate will rise to around 1% by the end of the forecast period, around 15 basis points lower than in the February Report. As the MPC's inflation forecast suggests, this new market curve introduces an additional financial market tension to the one already existing between the current level of sterling and the level that would be consistent with whatever Brexit outcome that ultimately comes to pass. The economic outlook At some point, the tensions between households, companies and financial markets will be reconciled. In the MPC's projections, that resolution comes through our assumption of a smooth Brexit, resulting in a forecast of two phases. In the first phase over the next year: - Growth remains modest, reflecting the continued drag from Brexit uncertainties and below-potential global growth. - Near-term inflation is expected to pop above 2% in April and then fall back below target, in large part reflecting movements in household energy prices and still modest core services inflation. In the second phase over the balance of the forecast, as global growth stabilises around potential rates and Brexit uncertainties wane: - Business investment growth recovers, the housing market improves, consumption continues to grow broadly in line with incomes, and aggregate demand picks up to above potential rates. 5 - Excess demand rises slightly above 1% by the end of the forecast period, notably higher than in February, with the unemployment rate projected to decline to 3½%. The emergence of excess demand leads to a strengthening of domestic inflationary pressures, more than offsetting the fading contribution from import and energy prices, such that inflation rises above target in two years' time and continues rising through the end of the three-year forecast period. Implications for Policy At its meeting yesterday, the MPC agreed that the current stance of policy remained appropriate. The Committee emphasised that the right path for monetary policy will depend on how the current tensions between businesses, households and financial markets are resolved. The response of monetary policy to Brexit will depend on the balance of its effects on supply, demand and the exchange rate. The MPC's latest projections imply that the current market curve used as the conditioning assumption for our forecast is unequal to the task of achieving the MPC's remit. Based on the MPC's conditioning assumption of a smooth Brexit, the Committee continues to judge that an ongoing tightening of monetary policy over the forecast period, at a gradual pace and to a limited extent, would be appropriate to return inflation sustainably to the 2% target at a conventional horizon."
BoE_201905_transcript,20190502,transcript,Mark Carney,governor,0,opening,0,BoE_201905_transcript_0,0,0,1,"With that, Dave, and Ben, and I, would be pleased to take your questions."
BoE_201908_opening,20190801,opening,Governor,governor,0,opening,0,BoE_201908_opening_0,0,38,35,"1 INFLATION REPORT PRESS CONFERENCE Thursday 1 August 2019 Opening Remarks by the Governor Since May, global trade tensions have intensified, global activity has remained soft, and the perceived likelihood of a no-deal Brexit has increased significantly. These developments have led to substantial declines in market interest rates and a marked depreciation of sterling. They can be expected to remain volatile as the prospects for Brexit, and therefore the UK economy, develop. The UK economic outlook will continue to hinge on the nature of EU withdrawal, and the appropriate path of monetary policy will depend on the balance of its effects on demand, supply and the exchange rate. As a consequence, the monetary policy response to Brexit will not be automatic and could be in either direction. The Committee will always act to achieve the 2% inflation target in a sustainable manner. Global Developments and Financial Conditions With the ink barely dry on the MPC's May Inflation Report, the US-China trade dispute deepened. More generally, the rationales for trade actions have broadened, increasing the risk that protectionism could prove more pervasive, persistent and damaging than previously expected. There are already signs that trade actions are having larger effects than previously anticipated on global business confidence and investment spending. For example, the global manufacturing PMI fell to its lowest level since October 2012. The latest indicators suggest global growth is holding steady rather than picking up as the MPC had expected three months ago. The quality of that growth has also deteriorated with the growth rate of business investment in the G7 being cut almost in half since its peak in late 2017. 2 Global price pressures remain subdued, with headline and core inflation below target in all major advanced economies. In response to the softer outlooks for global demand and inflation, the expected paths of policy interest rates in advanced economies have shifted sharply lower, most notably in the US, where the FOMC cut rates by 25 basis points yesterday. Expectations of easier monetary policy are supporting global financial conditions. US 10- year yields are near two-year lows, 10-year gilt yields are their lowest in three years, and German 10-year bund yields are their lowest ever. Around $14 trillion of global investment- grade debt is now trading at negative yields. In the MPC's latest projections, these more accommodative financial conditions offset the drag from trade headwinds, although global growth is now expected to return to potential rates more slowly than in May. UK financial conditions have also loosened since May, in response to both global developments and the growing weight financial market participants are placing on the possibility of No Deal. Sterling is now 6% lower than at the time of the May Report, UK- focused equity prices have fallen about 5%, and gilt yields have dropped by half a percentage point. The market yield curve underlying the MPC's latest projection falls to 0.5% over the coming year, and ends the forecast period at 0.6%, around 40 basis points lower than in the May 2019 Report. The UK Outlook As well as their impact on financial markets, Brexit developments are making UK GDP growth more volatile than usual owing to stock building and plant shutdowns. Looking through these temporary factors, the underlying pace of growth has slowed to below-potential rates as a result of weaker global demand and more entrenched uncertainty about Brexit amongst UK companies. 3 Only one in six respondents to the Decision Maker Panel1 now expect the future relationship with the EU to be resolved this year, down from almost one half in January. One third of our Agents' business contacts report being more uncertain about the economic outlook now than they were ahead of the extension of Article 50 in April, while only one in ten have become more certain. This has already led to marked weakness in UK business investment since the referendum. Investment intentions point to further contractions in Q2 and Q3, and the MPC now expects business investment to pick up more slowly over the next year. By contrast, the labour market remains tight, with employment at record highs and unemployment at a 44-year low, and pay growth has strengthened as a result. Supported by the resilient labour market, households' confidence in their personal financial situations is holding up, with spending rising broadly in line with real incomes. This is no debt-fuelled consumption boom, and their concerns about the general economic situation continue to restrain housing market activity. Overall, the MPC expects underlying UK GDP growth to remain subdued over the coming year, with Brexit-related uncertainties and the softer external environment weighing on spending. As a consequence, a margin of excess supply persists over the next year. Domestic inflationary pressures have strengthened as wage growth has picked up, with growth in unit labour costs currently around target-consistent rates, though core services inflation remains somewhat subdued. Headline inflation will probably dip around half a percentage point below target in coming months owing to cuts to energy bills, but core inflation should remain relatively stable at rates only a little below 2%. 4 The Paths Ahead Increasing uncertainty about the outlook suggest that the UK economy could follow a wide range of paths over the coming years depending most importantly on the nature of EU withdrawal."
BoE_201908_opening,20190801,opening,Governor,governor,0,opening,1,BoE_201908_opening_1,39,66,28,"Consider, as financial markets increasingly have, the prospects for No Deal. The Bank has been working since the referendum to ensure that the financial system is ready for Brexit, whatever form it takes. - In order to continue to serve their customers whatever happens, UK banks are now both exceptionally well capitalised and highly liquid. - Our contingency planning with domestic and EU authorities is mitigating possible risks to disruption of cross-border financial services. - And most fundamentally, our institutional framework is robust: the Bank has clear objectives, operational independence, all the necessary tools and the needed resolve to deliver our monetary and financial stability remits. But financial stability is not the same as market stability. In the event of a No Deal, No Transition Brexit, sterling would likely fall, the risk premiums on UK assets would rise, and volatility would spike higher. Similarly, preparations by government and businesses for No Deal are vital to reduce the potentially damaging transition costs to a WTO relationship, but they cannot eliminate the fundamental economic adjustments to a new trading relationship that a No Deal Brexit would entail. In the event of No Deal, it is probable that CPI inflation would rise and GDP growth would slow. For example, our Agents' survey finds that most companies now report that they're largely ready for No Deal. However, just under a fifth described themselves as ""fully ready"", while three quarters of respondents said that they were ""as ready as they can be."" And despite greater preparedness, businesses still expect their output, employment and investment to fall by around 1 to 3% over the next year in the event of No Deal. 5 When setting policy in the event of No Deal, the Committee's interest rate decision would need to balance the upward pressure on inflation, from the likely fall in sterling and any reduction in supply capacity, with the downward pressure from any reduction in demand. It is, of course, the Government's intention to achieve an agreement with the EU. As in previous Reports and consistent with its general approach to condition forecasts on Government policy, the MPC continues to assume a smooth transition to the average of a range of possible outcomes for the UK's eventual trading relationship with the EU. In our latest projections, as details of the UK's future trade relationships gradually emerge, business investment recovers and household spending picks up, broadly in line with robust real income growth. Owing to the much easier financial conditions, the acceleration in growth is stronger than in May. With potential supply growth expected to remain subdued, the pickup in GDP growth results in sharply rising excess demand, which reaches 1¾% of GDP by the end of the forecast period, materially higher than in May. This pushes up CPI inflation such that it is well above target and still rising at the end of the forecast period. The MPC's projections are materially affected by the inconsistency between the asset prices on which they are conditioned - which take into account the full range of Brexit outcomes, including the substantial weight market participants place on the possibility of No Deal - and the Committee's assumption of a smooth transition to a Brexit Deal. If, as assumed, Brexit proceeds smoothly to some form of deal, market interest rates would probably rise and sterling would probably appreciate. Consistent with the stylised sensitivities in the box in today's Report, the Committee judges that gradual and limited interest rates increases would be appropriate to return inflation sustainably to the 2% target in the case of a transition to a Brexit deal and some recovery in global growth. At this meeting, the MPC judged that the current stance of monetary policy remains appropriate. -------------------------------------- 6 Profound uncertainties over the future of the global trading system and the form that Brexit will take are weighing on UK economic performance. Until they are resolved, shifting perceptions of these factors will drive volatility in market interest rates, equity prices and currencies values. Monetary policy cannot offset the real effects of these fundamental determinants of jobs, growth and prosperity. But monetary policy can help smooth the adjustment of the economy to these shocks. To this end, the people of the United Kingdom can be confident that the MPC will take all the appropriate measures to support jobs and activity consistent with achieving the 2% inflation target during these exceptional times."
BoE_201911_opening,20191107,opening,Governor,governor,0,opening,0,BoE_201911_opening_0,0,30,27,"1 MONETARY POLICY REPORT PRESS CONFERENCE Thursday 7 November 2019 Opening Remarks by the Governor At a time when news about the political and economic outlooks seems to arrive hourly, it's important not to lose sight of the big picture. The world risks slipping into a low growth, low inflation rut caused by deep structural forces, limited policy space, and growing concerns over the fracturing of the global trading system. Over the past 18 months, global growth has slowed markedly, business investment has been weak, and trade has contracted. Many of these dynamics occurred first in the UK - particularly the heavy drag on business investment from entrenched uncertainties over future trading arrangements. Now, it has become possible that the picture in the UK could change, with the recent UK-EU Withdrawal Agreement creating the prospects for a pickup in UK growth. The pace of that recovery will depend critically on the extent to which uncertainty over the future UK-EU trading relationship actually dissipates and, to a lesser degree, by how much the global economy actually picks up. Both are assumed in the MPC's latest projections; neither is assured. In this context, and with inflationary pressures weak globally and contained domestically, monetary policy will need to be carefully calibrated to support a sustainable recovery. The Global Outlook The world economy has moved from a broad-based expansion to a widespread slowdown. With growth decelerating from 4% around two years ago to 2.9% at present, the world economy is now expanding at its slowest pace since the end of 2009. Both the global manufacturing PMI and new export orders remain in contractionary territory, and the global services PMI is now softening as well. Investment 2 growth has fallen, accounting for most of the slowing in GDP growth in both advanced and emerging economies. The headwinds from elevated uncertainty are likely pushing down the global equilibrium interest rate, exacerbating concerns about limited monetary policy space. In the MPC's latest projections, global growth remains subdued in the near term, consistent with significant protectionism and growing concerns over the reordering of the rules of global commerce. Against those structural headwinds, the recent, material easing in monetary policies and financial conditions of most major economies is projected to support a gradual recovery in global growth to around potential rates by the end of the MPC's forecast period. The UK outlook In the UK, the underlying pace of growth has slowed below potential, and the economy is now operating with a small margin of excess supply. Quarterly GDP growth is expected to average just 0.2% this year, about half its pace in recent years. Subdued UK growth partly reflects the weaker external backdrop, which is weighing on both net trade and investment. But as has been the case for some time, Brexit uncertainties are dominating, weighing particularly hard on business investment, which unusually during an expansion, has contracted in five out of the past six quarters and is currently estimated to be just ½% higher than at the time of the referendum. Consumer spending has proven more resilient to Brexit uncertainties, growing steadily in recent quarters, underpinned by strong employment and a pickup in real wage growth. However, there is now evidence of a degree of precautionary behaviour, with the latest data revealing that the household saving rate has drifted up since the start of 2018. Moreover, uncertainty has weighed on the housing market, and recent data suggest the labour market could be beginning to soften. Employment growth contracted by 0.2% in the three months to August, the weakest outturn since May 2015. The number of vacancies has been falling continuously since the start of this year. The REC demand for staff index is at its 3 lowest level since January 2012. And indicators of pay growth from the Agents and REC have fallen back. The potential implications of the Withdrawal Agreement The MPC projects that growth is likely to remain a little below potential in the near term, but will pick up thereafter."
BoE_201911_opening,20191107,opening,Governor,governor,0,opening,1,BoE_201911_opening_1,31,61,29,"That upturn in growth is underpinned by a judgement that the Brexit uncertainties facing businesses and households will decline gradually over the forecast period. The MPC's standard practice is to condition its projections on government policy. Accordingly, our November projections are conditioned on an orderly transition to a deep free trade agreement consistent with the aims of the Political Declaration between the UK and the EU. Although the details of that new trading relationship are still to be determined, the Withdrawal Agreement and a flexible extension to 31 January 2020 have probably reduced some of the Brexit uncertainties facing businesses and households, not least by lowering the perceived risks of No Deal significantly. The fall in the perceived likelihood of a no-deal Brexit has also led to an appreciation of the sterling exchange rate, which has risen by around 4% over the past three months. In the MPC's projections, the assumed reduction in Brexit-related uncertainties supports activity. In particular, four-quarter business investment growth picks up materially, from current negative rates to around 4½% by the end of the forecast - the fastest pace since the referendum - recouping around one third of the estimated investment shortfall since that vote. Household consumption rises broadly in line with real income growth over the forecast period as a whole, picking up from 1% currently to 1.5% in 2020 and 2% by 2022. Demand is also supported by the gradual recovery in global growth, and a boost from UK fiscal policy reflecting the planned increase in spending announced by the Chancellor in his 2019 Spending Round. Note that these projections are conditioned on the current market path for interest rates, which is consistent with Bank Rate being below its current level through 2022. 4 The extent of the pickup in UK growth is likely to be limited by continued weakness in growth in the supply capacity of the economy. Potential supply growth is projected to remain subdued relative to historical rates, averaging around 1¼% over the forecast period. That reflects a continuation of the post-crisis trend, as well as the impact of the UK transitioning to its new trading relationship with the EU. Consistent with the provisions of the Withdrawal Agreement, the MPC's latest projections are now conditioned on the assumption that a greater proportion of the adjustment to the UK's new trading arrangements with the EU take place within the three-year forecast period, whereas previously, the MPC's projections have been conditioned on a stylised assumption of a smooth transition to an average of possible end-states, with the adjustment taking place gradually over many years. Overall, given support from lower uncertainty, easier fiscal policy and stronger external demand, UK growth is projected to pick up from around 1% this year to 1.6% in 2020, 1.8% in 2021 and 2.1% in 2022. In the Committee's projections, excess demand emerges in 2021 and builds over the remainder of the forecast period, reaching a sizable 1¼% of potential GDP by the end. The MPC judges that the risks around its projections for potential supply growth - and therefore GDP growth - are skewed to the downside in the second and third years of the forecast, reflecting the uncertainty around the exact nature of the FTA with the EU and the transition to it. It is expected to decline to around 1¼% by the spring owing largely to the temporary effect of falls in regulated energy and water prices. While unit labour costs have been growing above target-consistent rates and core services inflation has begun to increase somewhat, employment growth has slowed and pay growth is likely to fall back in the near term. In the second half of the MPC's forecast, however, as a significant margin of excess demand emerges, domestic inflationary pressures are expected to build. Conditioned on current market yields, CPI inflation is projected to rise to 2% in the second year of the MPC's forecast, and slightly above that towards the end of the forecast. For most of the period following the EU referendum, the degree of slack in the UK economy has been falling and global growth has been relatively strong. Recently, however, Brexit uncertainties and slower global growth have led to the re-emergence of a small margin of excess supply. In the MPC's projections, we expect both trends to reverse. However, for now this is an expectation not a certainty. If global growth fails to stabilise or if Brexit uncertainties remain entrenched, monetary policy may need to reinforce the expected recovery in UK GDP growth and inflation. Further ahead, provided these risks do not materialise and the economy recovers broadly in line with the MPC's latest projections, some modest tightening of policy, at a gradual pace and to a limited extent, may be needed to maintain inflation sustainably at the target. At this meeting, the MPC judged that the current stance of monetary policy is appropriate. However events unfold, it should not come as news that the MPC will set monetary policy consistent with a sustainable return of inflation to its 2% target."
BoE_201911_transcript,20191107,transcript,Mark Carney,governor,1,opening,0,BoE_201911_transcript_0,0,11,11,"The first part is right, the second part is wrong. The first part is that we are conditioning our forecast, as has been our longstanding practice on government policy, government policy is this deal, it is an agreement between the UK and the EU. It's passed the second reading in the Houses of Parliament. So, now that we have a deal it's conditioned on that and that's moving from a stylised Brexit assumption to a specific assumption, as you say. The way to look at the impact of that on the economy is to look at where the economy is today versus where it goes. So, the economy, growth has been very weak recently, suffering from weak global growth but also intense Brexit uncertainties. The economy growing less than an annualised rate of 1%, our current estimate is that for the year as a whole growth this year will be about 1%. In every subsequent year in our forecast that we've just released that is conditioned on that deal growth picks up. In 2021, which is the year of the deal, and to just above 2% in 2022. Now, that growth is helped a bit by fiscal policy, a bit by a stronger world, a world that has stopped weakening and picks up a little bit but three quarters of that rise in growth is driven by domestic factors, the most important of which is a reduction in uncertainty driven by an orderly transition to a new Brexit arrangement. Now, I'll finish by just noting that that is an expectation, that's an assumption in the forecast that the impact of the transition will be this reduction in uncertainty and will have a knock-on effect particularly on business investment and, of course, events will see whether that transpires."
BoE_202001_opening,20200130,opening,Governor,governor,0,opening,0,BoE_202001_opening_0,0,26,26,"1 MONETARY POLICY REPORT PRESS CONFERENCE Thursday 30 January 2020 Opening Remarks by the Governor From an economic perspective, the last decade ended with a whimper. The global economy moved from a broad-based expansion to a widespread slowdown, with manufacturing slipping into recession, global trade contracting, and overall growth falling to its weakest pace since 2009. In the UK, entrenched Brexit-related uncertainties added to the global drag on domestic activity. Last year, the UK economy grew at its weakest pace since 2010, as business investment remained subdued, despite having barely grown at all in the prior few years, and households began to rebuild savings and cut back on durables spending, despite the resilient labour market. Overall, UK activity likely stagnated in the final quarter of 2019, leaving the economy operating with a margin of excess supply. In parallel, CPI inflation fell below the MPC's 2% target, reaching 1.4% in 2019 Q4. While this weakness largely reflects energy prices, core inflation has also slowed, and domestically generated inflation pressures, outside the labour market, remain contained. The question facing the MPC at this meeting was whether the new decade is starting with a bang. Certainly, political developments have been significant, leading to the UK's historic withdrawal from the EU tomorrow evening. At its December meeting, the MPC had projected that UK growth would pick up from below to above potential rates, supported by a reduction of domestic uncertainties, and a modest recovery in global growth. On balance, early indications are that both conditions underpinning the projected UK recovery are on track. The most recent signs are that global growth has stabilised, reflecting the partial easing of trade tensions and the impact of the significant loosening of monetary policy by many central banks over the past year. The global manufacturing PMI has returned to expansionary territory, helping push the composite PMI to a six month high in December. And the hard 2 data seem to be following suit, with global industrial production swinging from contraction to expansion in November, and recent growth outturns in the euro area, the US, and non-China emerging market economies coming in slightly stronger than expected. Domestically, indicators of uncertainty have fallen, broadly as the MPC had expected in its November projections. For example, the proportion of firms citing Brexit as one of their top three sources of uncertainty in the Bank's DMP Survey fell below 45% in January from 55% in November, and sterling implied volatilities have fallen substantially since the election. Hard data, released in January, but related to activity prior to the election, was generally soft. More timely survey data that relate to output growth following the election have increased sharply, with the movements particularly marked in the most recent releases. The very latest surveys suggest growth will pick up in the first quarter to around 0.2%, in line with the MPC's projections three months ago. Businesses reported a sharp rise in investment intentions in the recent manufacturing CBI and Deloitte CFO surveys. And there are signs that lower uncertainty is boosting housing market activity, the area of consumer spending where the drag from Brexit had been most evident. The latest data also show that the labour market remains resilient, with employment growing strongly towards the end of last year and unemployment at its lowest level in over 40 years. Vacancies rose modestly in December, reversing the pattern of near continuous falls since the start of 2019 and tempering earlier signs of a slowing in labour demand. Households remain confident about their own financial situation, and their confidence about the general economic outlook has improved to its highest level in a year and a half. Reflecting these positive developments, the MPC judged that it was appropriate to maintain policy. To be clear, these are still early days, and it is less of a case of so far so good, than so far, good enough."
BoE_202001_opening,20200130,opening,Governor,governor,0,opening,1,BoE_202001_opening_1,27,57,27,"It will be important for the hard data on activity to follow through on the recent pickup in the surveys, and for domestic price inflation to strengthen. Though the global economy looks to be recovering, caution is warranted. Evidence of a pickup in growth is not yet widespread. And any one of the known risks, such as a renewal of trade tensions, could reverse recent progress. The emerging threat from a new strain of coronavirus is a reminder of the need to be vigilant. 3 In the UK, although early signs are encouraging, the recoveries in growth and inflation are also not yet assured. Domestic price inflation has remained muted even as growth in unit labour costs has risen. Core inflation has slowed over the past year, and core services inflation has generally been some way below the rate estimated to be consistent with inflation at target. Supply Stocktake: More slack to start, but slower potential growth In its annual reassessment of the supply side of the economy, the MPC judged that the weakness in domestic price inflation indicated that the margin of slack has been slightly greater over the past few years than it had previously estimated. At present, excess supply is estimated to be around of ½% of potential GDP. That spare capacity lies within companies, with little slack apparent in the labour market. However, it is unclear whether the wider margin of slack can fully explain the weakness in domestic prices relative to the strength in labour costs, and for how long that weakness might persist. The Committee will explore these issues further over coming months, considering UK developments in the wider context of relatively subdued inflationary pressures, but strong labour markets, globally. The MPC also reviewed the outlook for supply over the forecast, judging that productivity growth would pick up only a little from current rates. That judgment reflects: - Some continuation of the experience since the financial crisis of persistently weak productivity growth; - A period of very weak business investment in recent years; and - The weight on productivity in the short term from the adjustment to the UK's new trading relationship with the EU. The slower rate of potential growth also reflects a more modest rate of expansion in labour supply, as the two factors that have boosted it in recent years - namely rising trend participation and falling equilibrium unemployment - are not expected to continue, given their historically strong levels. 4 The MPC's latest projections In MPC's latest projections, the tentative signs of a global recovery are borne out, with growth rising back to potential rates. Domestically, uncertainty fades gradually, as more details about the new trading relationships emerge and companies assess how those affect their business. Overall, conditioned on the market path of interest rates and the increased Government expenditure announced in last year's Spending Review, UK growth is forecast to rise above the weakened rate of supply growth, slack is expected to erode gradually over the first part of the forecast period and a margin of excess demand to build thereafter. CPI inflation is projected to remain notably below the MPC's 2% target throughout this year and much of 2021, partly reflecting the impact of lower utility bills. Thereafter, the drag from lower utilities prices fades and domestic price pressures strengthen in response to the erosion of spare capacity. As a result, inflation reaches the 2% target by the end of next year and rises slightly above it by the end of the forecast period. Policy Monetary policy may need to reinforce the expected recovery in UK GDP growth should the more positive signals from recent indicators of global and domestic activity not be sustained or should indicators of domestic prices remain relatively weak. Further ahead, if the economy recovers broadly in line with the MPC's latest projections, some modest tightening of policy may be needed to maintain inflation sustainably at the 2% target. ----------------------------------- The UK economy is entering a decade of potentially profound structural change. Major initiatives are likely on infrastructure, regional development, and the transition to a lower carbon economy. The MPC will need to assess the implications of all these developments for the balance of supply and demand and set policy to deliver price stability in a way that helps smooth adjustment and supports jobs and growth for the good of all the people of the United Kingdom."
BoE_202001_transcript,20200130,transcript,Mark Carney,governor,1,opening,0,BoE_202001_transcript_0,0,14,14,"Yes, well so part of the reason we do a once a year assessment of the supply side of the economy, a combination, as you know, of labour, supply and productivity is to bring together all the evidence, all the learnings, all the analysis in one spot and make some of these judgements, and they are judgements. In terms of the rate of growth of productivity, I think it's fair to say that we and others have been persistently disappointed since the financial crisis about the rate of productivity growth. Initially more understandable because of the distress, if I can put it that way, in the financial system and the overhang of the excesses of the pre-crisis period but that is very much in the rear view mirror now and certainly in the time that I've been here, the last six-and-a-half years, there has not been that recovery in productivity. So, part of this is just bringing forward a continuation of a past trend, that's the first thing. The second, we do have to recognise that in the period since the referendum was called business investment has been very weak. It's gone from the strongest in the G7 to the weakest in the G7 and that accumulates over time, it's not just capital investment but it's process investment and on top of that, and there's some evidence on this in the report, that businesses over the course of certainly the past year because of a series of cliff edges in certain sectors have had to devote a lot of time to contingency planning and, you know, there's only 24 hours in a day and the time they spend on that is not time spent on expanding. That has contributed and there's some payback from that activity over the forecast horizon. Then the third thing is that we are moving more rapidly to the new relationship with the European Union than we had originally modelled. I mean, we didn't know, people didn't know what the horizon was going to be for the adjustment, now it's very clear the intention of the government is that we will move immediately by this time next year to a deep free trade arrangement with the European Union. If I can make one more point though, and you would have caught this but I'll just make sure everyone does, is that the rate of potential growth isn't just about productivity, it's also about the labour supply side and there have been two major positive trends, very positive trends, in the labour market over the course of the post-crisis period. A lot more people have stayed in the labour force, not always for the most positive reasons, initially it was because they had to repay debt for most of them, as it is today participation rate, the number of people in the labour force, is very high and most of them are in work. In fact, 3 million jobs have been created since the recovery started in 2013, 3 million more people are in work since then. Those levels are now, you know, unemployment is so low, we can think it can go a bit lower but the proportion of the population that are working is so high there's just not that much more of that to happen and so the growth in the labour force, it tends to come more from natural population growth. So, the culmination of those two things mean the speed limit of the economy is much lower than it was a few years ago."
BoE_202011_opening,20201105,opening,Governor,governor,0,opening,0,BoE_202011_opening_0,0,53,51,"MONETARY POLICY REPORT PRESS CONFERENCE Thursday 5 November 2020 Opening Remarks by Andrew Bailey, Governor Hello, this is Andrew Bailey. Welcome to this presentation of the Bank's November Monetary Policy Report. Over the past three months since our August report, Covid-19 and the actions to contain it have continued to have a dramatic and rapidly changing impact on the UK and countries around the world. Global activity fell sharply during the first half of 2020, reflecting the impact of the pandemic and the social distancing needed to contain its spread. As Covid cases fell, global activity recovered materially in Q3 from low levels. Recently, however, the number of cases has accelerated again in many countries, including the UK. It depends on the evolution of the pandemic and measures taken to protect public health around the world, as well as the nature of, and transition to, the new trading arrangements between the European Union and the United Kingdom. It also depends on the responses of households, businesses and financial markets to these developments. The MPC's projections assume that developments related to Covid will weigh on spending in the near term, although to a lesser extent than earlier in the year. UK GDP is projected to fall by around 2% in Q4. That is a considerably smaller fall than we saw in Q2. However that must be seen within the context of a level of GDP which is already around 9% lower than the start of the year. The forecast incorporates UK restrictions announced up to and including 31 October. That includes the heightened England-wide measures in place over the period up to 2 December, as well as the measures announced in Scotland, Wales and Northern Ireland. Clearly, there is a high degree of uncertainty about the future path of restrictions. We assume that subsequently, for the UK as a whole, the average level of restrictions that was prevailing in mid- October takes effect, and remains in place until the end of 2021 Q1. Beyond 2021 Q1, restrictions are assumed to be loosened further. Covid continues to affect the economy through heightened health concerns and uncertainty about the outlook. But, over time, those concerns and uncertainty are assumed to wane gradually. As a result, over the forecast period, the direct effects of the pandemic on the economy are assumed to fade and spending recovers. Nonetheless, through its effects on household and business spending, the pandemic has a persistent indirect impact on the economy. UK activity in the first half of 2021 is also likely to be affected by lower trade, as firms adjust to the UK and EU's new trading relationship. Consistent with government policy, the MPC's central projections assume that, on 1 January 2021, the UK leaves the EU's Single Market and Customs Union and there is an immediate move to a free trade agreement between the UK and the EU. As in previous Reports, that is assumed to be of a similar scale and depth to the Comprehensive Economic and Trade Agreement in place between Canada and the EU. As in previous MPC forecasts, over time, we judge trade in both goods and services is likely to be lower as a result. In line with empirical evidence, this reduction in trade with the EU is expected to weigh on productivity and GDP over the forecast period. Recent evidence from the Bank's Agents and a range of business surveys and intelligence suggests that while some businesses feel prepared for the change in trading arrangements, others - particularly smaller firms - do not feel fully ready, with Covid having hampered some preparations. Therefore in the central case in our November projections, adjustment by businesses to the new arrangements is assumed to lead to a further, temporary, effect on trade in the near term. These additional effects on trade are assumed to be temporary and to unwind over the course of six months, as businesses adjust. The recovery in activity over the forecast horizon is also supported by substantial fiscal and monetary policy actions. The recovery takes time, however, and the risks around the projection are judged to be skewed to the downside. In the MPC's central projection, GDP does not exceed its level in 2019 Q4 until 2022 Q1. As a result, unemployment is elevated, and is projected to peak at around 7¾% in 2021 Q2, before declining gradually over the forecast period as GDP picks up. The fall in activity over 2020 has reflected a decline in both demand and supply. Overall, there is judged to be a material amount of spare capacity in the economy. Spare capacity is eroded as activity picks up and a small degree of excess demand is projected to emerge by the second half of the forecast period. CPI inflation is currently below the MPC's 2% target, largely reflecting the direct and indirect effects of Covid-19 on the economy. These include the temporary impact of lower energy prices and the cut in VAT, as well as some downward pressure from spare capacity. In the central projection, inflation is projected to be 2% in two years' time. As evidenced by the width of the inflation fan charts, however, there remains considerable uncertainty about the balance of demand and supply, and so the path of inflation. Reflecting the downside news to the committee's projections for GDP growth and inflation - and the continued uncertainty and downside risks - at its meeting ending yesterday, the MPC judged that a further easing of monetary policy was warranted. The Committee agreed to increase the target stock of purchased UK government bonds by an additional £150 billion in order to meet the inflation target in the medium term. That programme is expected to be completed, and the total stock of government bond purchases to reach £875 billion by around the end of 2021. We judged that an additional £150bn of asset purchases over this period was appropriate, to ensure monetary conditions remain consistent with returning inflation sustainably to the 2% target. As was evidenced in March, we believe there is value in acting quickly and strongly to support the economy and avoid the risks of any short term disruption. This is an approach which was also endorsed by the IMF in their recent Article IV visit. Setting out a programme of purchases through to around the end of next year, should also help bridge us through to a time when we - we all - hope we will have more certainty on the health and economic outlook. Clearly, however, one thing we have learnt about this period, is that the situation can change quickly and dramatically. So the MPC will continue to monitor the situation closely. If the outlook inflation weakens, the Committee stands ready to take whatever additional action is necessary to achieve its remit. The Committee does not intend to tighten monetary policy at least until there is clear evidence that significant progress is being made in eliminating spare capacity and achieving the 2% inflation target sustainably."
BoE_202011_transcript,20201105,transcript,Andrew Bailey,governor,1,opening,0,BoE_202011_transcript_0,2,11,8,"We do not, you know, essentially set a level of quantitative easing and asset purchases to in any way related to what the government is going to borrow. It is related, as I said in my introductory remarks, to the inflation target and, of course, to the secondary in a sense objective that we have that subject to meeting the target obviously we are concerned to support activity and the well-being of people and the economy. Now, obviously when it comes onto your second question it is very important that, yes, we collectively use all of the policy tools available and that policy is well-coordinated and I was very pleased that the IMF said last week that the fiscal and monetary policy were well-coordinated in this country but that is subject to the fact that it doesn't, you know, in no sense does it compromise our independence. It's perfectly possible to have coordinated policy and obviously be very, very cognisant of the importance of the independence of the Bank of England and what it does. Obviously, look, to be clear, we take no view on-, we're not experts on what the approach should be on health measures, on national lockdowns. We talk to the experts and we gain a lot from talking to them. What I would say looking at it from the point of view of economic policy, and it really comes back to what I just said, I think it is very important that we take prompt, strong and coordinated action. I think that has served us well this year in an extraordinarily difficult situation and, you know, I'm afraid we're all obviously too well aware that that extraordinarily difficult situation is continuing, it's by no means over and it is appropriate therefore to take the action that we've announced today in view of the evolution, and particularly obviously the evolution of COVID itself and the necessary reaction to that from a public health point of view."
BoE_202102_opening,20210204,opening,Governor,governor,0,opening,0,BoE_202102_opening_0,0,9,10,"1 MONETARY POLICY REPORT PRESS CONFERENCE Thursday 4 February 2021 Opening Remarks by Andrew Bailey, Governor Hello, this is Andrew Bailey. Welcome to this presentation of the Bank's February Monetary Policy Report. The outlook for the economy and inflation Covid-19 and the actions to contain it have continued to have a dramatic and rapidly changing impact. Since the November Report, Covid vaccination programmes have begun in a number of countries, including the UK, which has improved the economic outlook. Nevertheless, recent activity has been affected by an increase in Covid cases, including from newly identified strains of the virus, and the associated re-imposition of restrictions. The MPC's central forecast assumes that Covid-related restrictions and people's health concerns weigh on activity in the near term, but that the vaccination programme leads to those easing, such that GDP is projected to recover strongly from the second quarter of 2021, towards pre-Covid levels. Projected activity is also supported by the substantial fiscal and monetary policy actions already announced. Further out, the pace of GDP growth slows as the boost from those factors fades. The UK and EU agreed a new trading relationship in December, which has applied since 1 January 2021. The main features of the agreement are similar to the assumptions made in the November Report."
BoE_202102_opening,20210204,opening,Governor,governor,0,opening,1,BoE_202102_opening_1,10,35,24,"In its February forecasts, the MPC has also retained its assumption that trade and activity will be lower in the first half of 2021, as firms adjust to the new trading arrangements. These additional effects on trade are assumed to dissipate by the end of Q2. Turning to spare capacity and inflation, the fall in activity over the past year has reflected a decline in both demand and supply. Overall, there is judged to be a material amount of spare capacity in the economy at present. CPI inflation is currently below the MPC's 2% target, largely reflecting the direct and indirect effects of Covid. As temporary effects fade and the impact of spare capacity diminishes over 2021, inflation rises towards the target. In the central projection, and conditioned on the market path for interest rates, inflation is projected to be close to 2% over the rest of the forecast period. Therefore, at this meeting, the Committee judged that the existing stance of monetary policy remains appropriate. 2 Operational readiness for a negative Bank Rate Since the previous MPC meeting, the Committee had been briefed on the findings of the PRA's structured engagement with firms on the operational considerations around the possible implementation of a zero or negative Bank Rate. The Prudential Regulation Committee had concluded that implementation of a negative Bank Rate over a shorter timeframe than six months would attract increased operational risks and so could adversely impact some firms' safety and soundness. There were a range of views on how the MPC should respond to the findings of the PRA's engagement. The Committee was clear that it did not wish to send any signal that it intended to set a negative Bank Rate at some point in the future. But on balance, it concluded that it would be appropriate to start the preparations, in order to provide the capability to so implement a negative Bank Rate if necessary in the future. The MPC therefore agreed to request that the PRA should engage with firms to ensure they could be ready to implement a negative Bank Rate at any point after six months. In addition, and against the backdrop of the recent significant expansion in the scale of the Asset Purchase Facility, the Committee also agreed to ask Bank staff to reconsider the previous guidance on the appropriate strategy for tightening monetary policy should that be required in the future. I would like to stress again that neither of these requests, nor any subsequent supervisory actions by the PRA, should be interpreted as a signal about the future path of monetary policy. Instead, these requests should be seen in the context of adapting the monetary toolkit, in a world of larger shocks and an environment of sustained lower interest rates globally. As a result the task of monetary policy has moved from being a choice (albeit not an easy one) on a single dimension (the official interest rate), to a more multi-dimensional choice which also involves decisions on which tools to use, and which tools to develop - have in the box - for possible future use should the need arise. It is important to be as transparent as possible on tools - as we are doing today. But also to be clear that these decisions are kept separate from signalling about the current or future path of policy setting - they are contingency planning. Conclusion To conclude, as set out in the Monetary Policy Report, the outlook for the economy remains unusually uncertain. It depends on the evolution of the pandemic, measures taken to protect public health, and how households, businesses and financial markets respond to these developments. If the outlook for inflation weakens, the Committee stands ready to take whatever additional action is necessary to achieve its remit. The Committee does not intend to tighten monetary policy at least until there is clear evidence that significant progress is being made in eliminating spare capacity and achieving the 2% inflation target sustainably."
BoE_202102_transcript,20210204,transcript,Andrew Bailey,governor,1,opening,0,BoE_202102_transcript_0,1,22,18,"I'm not sure I quite caught your opening words, but I think I got the sense of them. So, correct me if I didn't, as I go along. The market curve, as you say, used in this round had a very small negative number at the bottom of the curve. It's not a very big number, so I think we shouldn't over-interpret what we can read into that. In compiling the forecast, we use very standard interest rates impact analysis to compute that impact. As I say, because it's such a small number, it was not something that we considered warranted, in a sense, its own consideration in that respect. So, it's a pretty standard piece of analysis and not something that I would over-interpret. On the question of voting on three dimensions, I mean, let me say this. Your question's a really interesting one and it follows from the point I made about multidimensionality. There's multidimensionality in terms of, obviously, having to take decisions on the toolbox. Then, there's obviously more dimensionality and of course have been for quite a while, now, about which tools to use for those that are available. Of course, that issue has been around for over a decade, now. So, I think it changes, monetary policy, in the sense that, if we go back to the early days of the MPC, and other central banks as well, it was very much a single dimension, in what you might call those normal times that we can hardly remember these days. Nowadays, we do have to take those decisions and we've, in a sense, evolved the decision-making process. Which means that the committee deliberates, if you like, and out of that comes a proposition on which we can vote. That proposition, as you can see, has more than one part to it. Members have to then express a view on each part. So, we've put a lot of thought into the process of doing that, as I think have other central banks, as well."
BoE_202105_opening,20210506,opening,Governor,governor,0,opening,0,BoE_202105_opening_0,0,41,41,"1 MONETARY POLICY REPORT PRESS CONFERENCE Thursday 6 May 2021 Opening Remarks by Andrew Bailey, Governor Hello, this is Andrew Bailey. Welcome to this presentation of the Bank's May Monetary Policy Report. The outlook for demand More than a year after the start of the pandemic, Covid-19 and the actions to contain it have continued to have a dramatic and rapidly changing impact on the UK and countries around the world. New Covid cases in the UK have continued to fall, the vaccination programme is proceeding apace, and restrictions on economic activity are easing. Recently, however, new Covid cases have increased significantly in India and some other countries. UK GDP is thought to have fallen by around 1½% in 2021 Q1, to around 9% below its 2019 Q4 pre- pandemic level. That fall is much less sharp than was expected three months ago. As in some other countries, the impact of restrictions on activity appears to have been smaller than anticipated, as households and companies have adapted to this environment. In the MPC's central forecasts UK GDP recovers strongly over 2021, albeit only back to pre-Covid levels. Demand growth is boosted by a decline in health risks and a fall in uncertainty, as well as fiscal and monetary stimulus. Further out, the pace of GDP growth slows as the boost from these factors wanes. The MPC's projections are conditioned on an assumption that Covid restrictions in the UK ease in the near term in line with the plans set out by the UK and devolved administrations. Most restrictions on domestic economic activity are therefore assumed to be lifted by the end of 2021 Q2. Demand over the next three years is also expected to be supported by households running down around 10% of the additional savings they have accumulated during the pandemic. That's larger than the 5% that had been assumed in the February Report, based on our interpretation of the latest survey evidence. Overall, the level of UK GDP is higher than in the February projection over the entire forecast period. Of course, there remains uncertainty around how the pandemic might evolve, and so there are risks around this projection - including from renewed waves of infections in the UK and other countries. On balance, the MPC judges the risks to the central projection for GDP to be skewed to the downside in the first year of the forecast period, but broadly balanced further out. The uncertainty 2 around the GDP projection is judged to be somewhat lower than in February, though still heightened by historical standards. Supply and the output gap The fall in activity over the past year has reflected a large decline in both demand and supply. The scales of the falls in both demand and supply have made the difference between them - the output gap - difficult to gauge. A range of indicators of spare capacity are consistent with there being a degree of slack in the economy at present, however there is uncertainty about its magnitude. Supply capacity is expected to recover sharply in the near term as firms re-open and the majority of employees on furlough return to work. The extension of the Government's employment support schemes in the Budget is expected to limit significantly the near-term rise in the LFS unemployment rate. The furlough scheme is currently scheduled to finish at the end of September 2021; prior to the March Budget, it was set to finish at the end of April. As a result, the scheme is now expected to come to an end when activity is much closer to its pre-pandemic level. For example, in 2021 Q1, GDP is expected to have been around 8¾% below its 2019 Q4 level; in 2021 Q3, GDP is projected to be around 1¼% lower, on average. Given the expected near-term recovery in activity, most of those employees on furlough are expected to return to work when the scheme ends, so unemployment is now projected to increase only slightly. Consistent with that news, the MPC expects the medium-term equilibrium rate of unemployment to rise by less than was forecast in February. The MPC also judges that persistent effects from Covid are likely to be somewhat smaller than previously anticipated. In the central projection, the recovery in demand is initially expected to be somewhat stronger, resulting in a temporary period of excess demand, before demand and supply end the forecast broadly in balance. The outlook for inflation Turning to the outlook for inflation. CPI inflation has been quite volatile over the past year, and is likely to continue to be in the near term. CPI inflation is currently below the MPC's 2% target, largely reflecting the direct and indirect effects of the pandemic. As has been the case in recent MPC forecasts, inflation is projected to rise in the near term as some of those effects fade. In the central projection, CPI inflation rises temporarily 3 above the 2% target towards the end of 2021, mainly due to developments in energy prices. These transitory developments should have few direct implications for inflation over the medium term. In the central projection, conditioned on the market path for interest rates, inflation returns to around 2% in the medium term. Overall, the risks to the MPC's inflation projection are judged to be broadly balanced. Most measures of inflation expectations have been broadly stable since the February Report, and the MPC continues to judge that inflation expectations remain well anchored. Adjustment to the UK's new trading arrangements with the EU I wanted to take a moment to mention the impact of the adjustment to the new UK-EU trading arrangements."
BoE_202105_opening,20210506,opening,Governor,governor,0,opening,1,BoE_202105_opening_1,42,60,18,"Early evidence, including from the Bank's regional agents, suggests that many firms are adjusting to the new arrangements. According to the latest ONS data, following substantial declines in UK goods trade volumes in January, exports to the EU rebounded materially in February, although imports from the EU remained weak. However, it remains too early to judge whether the effects - both in terms of the short term disruption and the longer term effects on supply growth - are in line with the assumptions underlying the MPC's forecasts. Therefore, as in February, the MPC has retained its assumption that trade and activity will be lower in the first half of 2021 as firms adjust to the introduction of new trading arrangements. These additional effects on trade are assumed to dissipate by the end of Q2. The MPC's policy decision and guidance Turning finally to the policy decision and the MPC's guidance. As I have outlined, in the MPC's central projections the economy experiences a temporary period of strong GDP growth and a temporary period of modestly above-target CPI inflation, after which growth and inflation fall back, with inflation around the target two and three years ahead. In judging the appropriate stance of monetary policy, the Committee will, consistent with its policy guidance and as always, focus on the medium-term prospects for inflation, including the balance between demand and supply, rather than factors that are likely to be transient. As set out in the Minutes, at this meeting the MPC decided to amend its forward guidance language to reflect the more symmetric nature of the risks to the outlook. The guidance now states that: the MPC will continue to monitor the situation closely and will take whatever action is necessary to achieve its remit. The Committee reiterated that: it does not intend to tighten monetary policy at least until there is clear evidence that significant progress is being made in eliminating spare capacity and achieving the 2% inflation target sustainably. At this meeting, the Committee judged that the existing stance of monetary policy remained appropriate. 4 The committee continues to expect the existing programme of £150 billion of UK government bond purchases to be completed by around the end of 2021. As was envisaged when the programme was announced in November 2020, and consistent with developments in financial markets since then, the Bank announced in a Market Notice alongside the MPC's decision today, that the pace of these purchases would now be slowed somewhat. The expected completion point of the purchase programme remains unchanged. This operational decision should not be interpreted as a change in the stance of monetary policy. As measured by the target stock of purchased assets, that stance remains unchanged. That stands in contrast to the ""open ended"" QE programmes ongoing in a number of other jurisdictions, whereby a change in the pace of purchases would imply a change in the expected total stock of purchases."
BoE_202105_transcript,20210506,transcript,Andrew,governor,2,opening,0,BoE_202105_transcript_0,1,5,4,"I would say if you stand back and look at the overall movement in markets since the last report we've seen actually a larger movement in what we call real rates, which of course reflects expectations of growth and some pick up in the inflation components and that's true actually across major economies. Put into the longer-run context, I would say that is not certainly something at all, it's not at all alarming actually. It's a point of note and something we watch carefully continually. Ben or Dave may want to come in on this as well."
BoE_202108_opening,20210805,opening,Governor,governor,0,opening,0,BoE_202108_opening_0,0,24,23,"MONETARY POLICY REPORT PRESS CONFERENCE Thursday 5 August 2021 Opening Remarks by Andrew Bailey, Governor Hello, this is Andrew Bailey. Welcome to this presentation of the Bank's August Monetary Policy Report. The economic outlook In some ways it is remarkable how little headline news there has been on activity in the economy since the May Monetary Policy Report. UK GDP in Q2 is expected to have risen slightly faster than expected, offset by slowing momentum in Q3, as suggested by higher-frequency indicators of card spending, consumer confidence and mobility, which have either levelled off or fallen slightly in recent weeks. As a result, UK GDP is still expected to grow by 7¼% this year, with the economy recovering to its end 2019 level towards the end of the year. Thereafter, growth is forecast to be 6% next year, and then reverts to a trend rate of around 1½% in 2023. In the labour market, we now expect the unemployment rate to be around a quarter of a percentage point lower in 2021 and 2022, declining to a level of 4¼% in 2022. This means that the profile for unemployment now looks very different to that envisaged last year, with no spike up as support measures come to an end. This points to the success of economic policy measures in avoiding a marked rise in unemployment in the face of such a large downturn in economic activity. That said, the number of people unemployed is around a quarter of a million higher than prior to the pandemic. Just over one million people were still on the furlough scheme in mid to late July (either full or part- time), which stops at the end of September. And there were just under three quarters of a million more people counted as inactive in the labour market in the three months to May, of whom half were an addition to the numbers in full-time education. In all, that's around two million people, or 6% of the labour force. The labour market challenge is now different, namely there is growing evidence of higher job vacancies and associated labour market tightness. The challenge of avoiding a steep rise in unemployment has been replaced by that of ensuring a flow of labour into jobs. Many adjustments are required to assess properly the pattern of pay growth during the Covid period, to deal with both base and compositional effects. Our assessment is that after making those adjustments, and despite the higher numbers in unemployment and the furlough scheme, pay growth appears to have returned to near pre-Covid levels. The most substantial news since May has been in inflation - news which is marked by historical standards. We now expect inflation to peak at 4% in Q4 of this year and Q1 of next year. It then falls back to around 2½% at the end of 2022, returning to target in the second half of 2023. More of the increase in inflation has come in prices of traded goods, reflecting a number of developments: annual base effects, most notably in oil prices, a global upturn in the prices of basic commodities, and evidence of supply bottlenecks, for instance in shipping and shortages of some key goods such as semiconductors. This has been emphasised by the Bank's Agents, and in my meetings with firms around the country. The recovery is also unbalanced in terms of the mix of aggregate demand, weighted towards goods and not services, reflecting the impact of Covid restrictions."
BoE_202108_opening,20210805,opening,Governor,governor,0,opening,1,BoE_202108_opening_1,25,66,41,"This has tended to exacerbate the frictions in global supply chains. A key question for the MPC is whether these pressures will be temporary, and thus avoid pressure on so-called second round effects, particularly through wage setting. Our view is that the pressures will reduce as demand continues to switch back towards services, supply bottlenecks are overcome and commodity prices stabilise. MPC's policy decision and guidance Turning to the immediate policy decision and the MPC's guidance. The MPC has had policy guidance in place specifying that it does not intend to tighten monetary policy at least until there is clear evidence that significant progress is being made in eliminating spare capacity and achieving the 2% inflation target sustainably. As set out in the Minutes, at this meeting there were different views on the extent to which the conditions of the MPC's guidance had been met, though much less so on what should follow from that conclusion in terms of policy action. All members agree that in judging the appropriate stance of monetary policy, the Committee will, as always, focus on the medium-term prospects for inflation, including medium-term inflation expectations, rather than factors that are likely to be transient. In particular, the Committee will not put undue weight on capacity pressures that are frictional in nature and likely to be temporary. As I have outlined, in the MPC's central projections the economy experiences a temporary period of strong GDP growth and above-target CPI inflation, after which growth and inflation fall back, with inflation close to the target two and three years ahead. The Committee will be monitoring closely the incoming evidence regarding developments in the labour market, and particularly unemployment, wider measures of slack, and underlying wage pressures. In addition, there remain two-sided risks around the central path for inflation in the medium term. At this meeting, the Committee judged that the existing stance of monetary policy remained appropriate. Should the economy evolve broadly in line with the central projections in the August Monetary Policy Report, some modest tightening of monetary policy over the forecast period is likely to be necessary to be consistent with meeting the inflation target sustainably in the medium term. Review of the mix of monetary policy tools to deliver tighter policy The MPC has recently reviewed its strategy for the mix of policy instruments to deliver tighter monetary policy, when the economic circumstances warrant it. In today's Report we have provided very clear guidance about how the MPC intends to reduce the stock of purchased assets in the future. Since the financial crisis, many central banks have set their policy rates at low levels and used asset purchase programmes to support economic activity and meet their inflation targets. At some point, the stance of UK monetary policy may need to tighten to achieve the 2% inflation target. The MPC has a number of tools to do that and, as set out in the box in today's Report, a range of factors influence the MPC's strategy for the mix of its monetary policy tools. The Committee's preference is to use Bank Rate as its active instrument when adjusting the stance of monetary policy in most circumstances. The MPC has greater certainty around how changes in Bank Rate affect the economy compared with its other policy tools. There is uncertainty about the impact of reducing the stock of purchased assets, and thus reserves held by banks with the Bank of England, on monetary conditions, but the MPC judges that, when conducted in a gradual and predictable manner and when markets are functioning normally, it is likely to be smaller than that of asset purchases. The judgement about when and how it is appropriate to begin the reduction of the stock of purchased assets is affected by its expected impact. It is likely that the MPC will judge it appropriate to begin to reduce the stock of purchased assets at a time when markets are functioning normally. The MPC also judges that there are benefits to reducing the stock of purchased assets by initially stopping reinvestment in maturing assets that the Bank's Asset Purchase Facility already holds. This would have the benefit of providing a predictable and gradual path for the reduction in the stock. Weighing all the factors together, the MPC intends to begin to reduce the stock of purchased assets, by ceasing to reinvest maturing UK government bonds, when Bank Rate has risen to 0.5% and if appropriate given the economic circumstances. That level of Bank Rate is lower than the MPC's previous assessment of the threshold for reducing the stock of purchased assets, which was previously 1.5%. In part that reflects the MPC's judgement that setting a negative Bank Rate is now part of its monetary policy toolkit, as well as its view that the impact of reducing the stock of purchased assets on monetary conditions is likely to be smaller than that of asset purchases on average over the past. The MPC envisages beginning the process of actively selling assets later, and will consider it only once Bank Rate has risen to at least 1%, depending on economic circumstances at the time. Any asset sales will be conducted in a predictable manner over a period of time so as not to disrupt the functioning of financial markets. The MPC will of course monitor the impact of the reduction in the stock of purchased assets, and may amend or reverse the process if needed to meet its 2% inflation target. Decisions on Bank Rate will be based on the economic circumstances at the time, and will take into account the impact of the intended profile for the stock of purchased assets on overall monetary conditions. While the MPC will monitor the reduction in the stock of purchased assets on a continual basis, it also intends to review its parameters no later than two years after the process begins. In conclusion, I should emphasise that the future steady state stock of reserves held by banks with the Bank of England will be larger than that held before the financial crisis and the introduction of asset purchases by the Bank. Conclusion To conclude on the current stance of monetary policy. The recovery will be bumpy given the nature and severity of the shock. The MPC takes the risk of persistently higher inflation very seriously. The MPC sets monetary policy to meet the inflation target, and in a way that helps to sustain growth and employment, which we state in the opening sentence of our Reports. Our remit makes clear that it is appropriate to focus on inflation in the medium term. The MPC's view is that there are good reasons to suggest that above-target inflation will be temporary. But if this outlook appears to be in jeopardy, the MPC will not hesitate to act."
BoE_202108_transcript,20210805,transcript,Andrew Bailey,governor,1,opening,0,BoE_202108_transcript_0,0,19,16,"Well, I'm sure Ben and David will want to come in on this, but let me start by just repeating something I said in my opening remarks, that we see interest rate movements, bank rate movements, as the primary active tool of monetary policy. Now, actually, in fact, nothing has really changed on that front, but I think it's very important because your question is obviously apposite to that, to re-emphasise that point. So just to push back on the suggestion that we're using this reduction on the balance sheet as a substitute for what might be viewed as an unpopular use of interest rates. However, we also think it's appropriate to have, in a sense, a predictable path for managing the stock of reserves, and for reducing the size of the balance sheet. And the reason that we've emphasised, sort of, in a sense, the first port of call in this policy as being the, if you like, put it on autopilot, no re-investment approach, is that that is a gradual and entirely predicable path. You know, it'll be perfectly easy to work out what the path of no re-investment is, because we're transparent about what we hold and when it matures. So that is, you know, just a restatement of the fact that interest rates will remain our primary tool. In terms of the lowering to nought point five percent, I mean, that is important. But I think it's important to note that since the 2018 guidance was put in place, which put the one and a half percent in place-, I mean, a lot has obviously changed in that period of time, in terms of not only the economic experience we've had, but also obviously, you know, the view of monetary policy. And I have to say to you, I mean, if we stuck with one and a half percent when you look at the market curve, that would be tantamount to saying that we would actually never reduce the Bank of England balance sheet, as things stand today. And obviously, the market curve can change, but viewed from today, that would be consequence of saying that, and I don't think that's a very sensible approach. And the last thing I'll say is that, for me it's very important that we do use our tools counter-cyclically. And that one of the tools that we've had to use, and we expect we'll have to go on using from time to time in the face of shocks, is the use of asset purchases. Not least because we expect the overall conditions, if you like the equilibrium interest rates which we spend so much time thinking about, to continue for the quite-, you know, quite well into the foreseeable future, to be one of very low, what's often called, R star, very low equilibrium interest rates. That puts more emphasis on having alternative tools, and I think it is therefore important that we use the opportunities to manage our balance sheet, to fit that use of counter-cyclical policy. I don't know if Dave or Ben wants to come in briefly on this."
BoE_202111_opening,20211104,opening,Governor,governor,0,opening,0,BoE_202111_opening_0,0,22,22,"MONETARY POLICY REPORT PRESS CONFERENCE Thursday 4 November Opening Remarks by Andrew Bailey, Governor Hello. I'm delighted that we can host this presentation of the November Monetary Policy Report at the Bank today. Developments since August The UK and global economy continue to face challenges as we recover from the pandemic. Both global and UK GDP increased in Q3 this year, although at a slower pace than projected in the August Report. Alongside the rapid pace at which global demand for goods has risen, this has led to supply bottlenecks in certain sectors. There have also been some signs of weaker UK consumer spending. While supply bottlenecks will continue to restrain growth somewhat in the near term, global and UK GDP are nonetheless expected to recover further from the effects of Covid-19. UK GDP is projected to get back to its 2019 Q4 level in Q1 next year. In the labour market, the UK unemployment rate fell to 4.5% in the three months to August, while HMRC payroll data have continued to rise strongly. Just over a million jobs are likely to have been furloughed immediately before the Coronavirus Job Retention Scheme closed at end-September, significantly more than expected in the August Report. Nonetheless, there remain few signs of increases in redundancies and the stock of vacancies has increased further, as have indicators of recruitment difficulties. Unemployment has been lower than expected in the August Report and is projected to remain low in the near term. While the unemployment rate is projected to pick up in Q4 as the furlough scheme ends, the rise is only small as most employees on the scheme are assumed to return to work. Underlying pay growth has remained above pre- pandemic rates, although we expect it to fall back from its current rate. Twelve-month inflation was 3.1% in September, broadly as expected in the August Report. Inflation is expected to rise to just under 4% in October, predominantly due to the impact on utility bills of past strength in wholesale gas prices. Inflation is then expected to rise to 4½% in November and remain around that level through the winter, accounted for by further increases in core goods and food price inflation. Developments in energy prices, especially the wholesale price of gas in the UK, are expected to account for a significant proportion of the projected pickup in inflation in the near term, and its subsequent decline. In the run-up to the November Report, wholesale oil and gas prices were around 80% and 400% higher respectively than they were in 2020 Q4, and wholesale electricity prices were around 300% higher. Wholesale gas prices in particular have risen sharply in recent months, rising by around 130% since the August Report. These rises in energy prices reflect the recovery in global demand as the impact of the pandemic has faded, as well as some disruptions to supply. Taking account of this, CPI inflation is now expected to peak at around 5% in April next year, materially higher than expected in the August Report."
BoE_202111_opening,20211104,opening,Governor,governor,0,opening,1,BoE_202111_opening_1,23,55,33,"Monetary policy can do little to affect inflation in the near term. So the implications of short-term movements in CPI inflation for monetary policy depend on their impacts further ahead. That, in turn, depends on how they affect households' and businesses' expectations of future inflation. Over the past few months, indicators of short-term inflation expectations have risen, as inflation outturns have picked up and given recent developments in energy and other prices which are likely to affect the near-term outlook. Measures of inflation expectations two to three years ahead and some longer-term measures derived from household surveys and financial markets, have also increased in recent months, but by less than short-term measures. The distribution of household inflation expectations has been fairly stable and professional forecasters expect inflation to be close to the 2% target in the medium-term. Making an overall assessment of medium-term inflation expectations using all these different indicators is difficult. Nonetheless, the MPC continues to judge that medium-term inflation expectations remain well anchored, and will continue to monitor indicators of expectations, and their impact, closely. The influence of energy prices on the outlook The upward pressure on CPI inflation is expected to dissipate over time, as supply disruption eases, global demand rebalances, and energy prices stop rising. As a result, CPI inflation is projected to fall back materially from the second half of next year. The path of energy prices will continue to have a significant bearing on inflation. In the central forecast, in line with the current convention, it is assumed that wholesale energy prices follow their respective futures curves for the first six months of the projection and are then flat beyond that point. So although they stop rising, the level of gas prices in the central forecast is still very high by historical standards. On this assumption, and conditioning too on the market-implied path for Bank Rate, CPI inflation is projected to be a little above the 2% target in two years' time. However, because of the depressive effect on incomes and spending of high energy prices, and also the higher level of Bank Rate and less supportive fiscal policy, a degree of spare capacity opens up in the economy during the second half of the forecast. Inflation therefore falls just below 2% by the end of the forecast period and would probably continue to decline thereafter. What happens to energy prices is clearly very uncertain and there are material risks around this assumption. Indeed, wholesale gas prices over the past week have been, on average, 18% lower than the 15-day average to 27 October. In an alternative scenario that is conditioned on energy prices following forward curves throughout the forecast period and as set out in a box in the November Report, CPI inflation falls back towards the target more rapidly than in the MPC's central projection, and is materially lower, particularly over the second half of the forecast period. In this scenario, inflation falls back to target three quarters earlier than the MPC's central projection. The policy decision The inflation target applies at all times, reflecting the primacy of price stability in the UK monetary policy framework. The framework also recognises that there will be occasions when inflation will depart from the target as a result of shocks and disturbances. In the recent unprecedented circumstances, the economy has been subject to very large shocks. Given the lag between changes in monetary policy and their effects on inflation, the Committee, in judging the appropriate policy stance, will as always focus on the medium-term prospects for inflation, including medium-term inflation expectations, rather than factors that are likely to be transient. At its recent meetings, the Committee has judged that some modest tightening of monetary policy over the forecast period is likely to be necessary to meet the 2% inflation target sustainably in the medium term. The latest developments, set alongside the Committee's updated projections, reinforce this view. Nevertheless, near-term uncertainties remain, especially around the outlook for the labour market and the extent to which domestic cost and price pressures persist into the medium term. Unemployment in the UK is not projected to rise materially in the near term, consistent with information from a range of high-frequency indicators of the labour market. But there is a high degree of uncertainty around the near-term outlook, particularly reflecting the end of the furlough scheme. The high use of the furlough scheme, as well as somewhat elevated unemployment relative to pre-Covid, contrasts with other signals of a tight labour market, such as reports of significant recruitment difficulties, elevated levels of vacancies and higher-than-expected wage growth over the pandemic as a whole. It is possible that shifts in the pattern of demand during the pandemic will mean that some of those people who are unemployed or were on furlough may not be matches for the job vacancies available. The MPC judges that some frictions in the matching of workers and jobs have contributed to a rise in the medium-term equilibrium rate of unemployment during the pandemic. That effect is expected to dissipate over the forecast period, as the economy normalises, and given the historical flexibility of the UK labour market."
BoE_202111_opening,20211104,opening,Governor,governor,0,opening,2,BoE_202111_opening_2,56,66,11,"At this meeting, the Committee concluded that the existing stance of monetary policy remained appropriate. The Committee judges that, provided the incoming data, particularly on the labour market, are broadly in line with the central projections in the November Report, it will be necessary over coming months to increase Bank Rate in order to return CPI inflation sustainably to the 2% target. In observing the market- implied path for Bank Rate, the Committee notes that, in the November Report central projections, CPI inflation is projected to be below the 2% target at the end of forecast period, and would probably fall a little further beyond that point, given the margin of spare capacity that is expected to emerge. Looking beyond the coming months, the Committee will, as always, continue to focus on the medium-term prospects for inflation. The Committee judges that there are two-sided risks around developments in the economy in the medium-term, and will reach its assessment on the balance of these risks in light of the relevant data as they emerge. To sum up, this period of higher inflation is likely to be temporary, as depicted in the forecast. Moreover, monetary policy cannot tackle the causes of supply problems. But it is likely that for inflation to return to target in a timeframe that should help to keep medium-term inflation expectations anchored will require Bank Rate to rise. That said, I would caution against views on the scale of an increase that would be likely to push inflation below target in future by increasing slack in the economy. The short-term evolution of the labour market will be crucial in determining the scale and pace of the response. We do not yet have the necessary hard evidence on the state of the labour market following the end of the furlough scheme to make a sufficiently clear assessment."
BoE_202111_transcript,20211104,transcript,Andrew Bailey,governor,1,opening,0,BoE_202111_transcript_0,1,16,10,"In the coming months, I think we must be clear that we have, you know, meetings at six-weekly intervals. There will be several meetings in the coming months, so I'm not going to speculate beyond that, which meeting, of course, may or may not cause anything to happen. But I hope you take it from that, that in the coming months means, you know, time from now onwards. On the question about inflation being transitory, it's a really interesting question. I've been asked a number of times, actually, in recent weeks, what is the definition of transitory? And with the, sort of, thrust of the question being, you know, tell me the fixed point of length of time, a unit of length of time, if you like, that transitory means. And the answer I would give to that is that there is no fixed unit of time that is transitory. Which is, the longer, in a sense, that rise in inflation goes on, the more there is a risk that it gets translated into inflation expectations, particularly medium-term inflation expectations. I think the evidence, we would say, is clear, and history helps to judge this, that things like energy prices go up and go down again. The question is, and this is one that I think we have to judge every time we meet, as it were, to deliberate monetary policy, is when we look at the sort of projected length of that temporary or transitory period, does it start to cause concerns about, you know, whether that will become embedded in expectations and what follows from what."
BoE_202202_opening,20220203,opening,Governor,governor,0,opening,0,BoE_202202_opening_0,0,10,9,"MONETARY POLICY REPORT PRESS CONFERENCE Thursday 3 February Opening Remarks by Andrew Bailey, Governor Can I add a welcome from me to this presentation of the February 2022 Monetary Policy Report. The economic outlook Let me start by talking about developments since November and the current economic outlook. Global and UK activity continued to recover in the final quarter of 2021, returning to their pre-Covid- 19 levels towards the end of the year. While the emergence of the Omicron variant is expected to have depressed UK activity somewhat in December and January, its economic impact is likely to be limited and of short duration. But economic growth is restrained by the sharp rise in global energy and tradable goods prices. As this Monetary Policy Report went to press, sterling oil prices were almost 90% above their levels at the end of 2020. The UK is a net importer of energy and tradable goods, and the rise in global prices will inevitably both put upward pressure on inflation and weigh on UK real income and spending. Beyond the near term, and conditioned on a market-implied path for Bank Rate that rises to around 1½% by the middle of 2023, UK GDP growth is expected to slow to subdued rates. A small margin of spare capacity is likely to emerge later this year and to build over the forecast period."
BoE_202202_opening,20220203,opening,Governor,governor,0,opening,1,BoE_202202_opening_1,11,30,20,"In the labour market, unemployment has continued to fall, despite the closure of the furlough scheme. According to the Labour Force Survey, the unemployment rate reached 4.1% in the three months to November. Demand for workers remains robust, with job churn elevated and the number of vacancies at a record high. Unemployment is projected to fall a little further over the coming months, before rising again owing to the impact of higher global energy and tradable goods prices on domestic demand. Reflecting the tight labour market, pay growth is somewhat above pre- pandemic rates at around 4%, and respondents to the Bank Agents' annual pay survey expect pay settlements to increase this year. In the Monetary Policy Committee's central projection, underlying pay growth is expected to rise to around 4¾% over the coming year, before falling to around 2½% over the medium term as labour market conditions ease. Turning to inflation, UK consumer price inflation rose to 5.4% in December, well above its 2% target and almost 1 percentage point higher than expected at the time of the November Monetary Policy Report. Most of the overshoot in inflation, relative to the target, continues to reflect the more general rise in the price of globally traded goods. Higher energy prices explain nearly 1 percentage point of the rise in inflation since September. But rising domestic cost pressures, driven by a tight labour market, have also added to the upward pressure on consumer prices, albeit to a lesser extent. Core inflation - which strips out energy and other volatile items - picked up to 4.2% in December. Inflation is expected to increase further in the coming months, peaking at around 7¼% in April when higher utility price caps are due to be implemented. In the central projection, the upward pressure on CPI inflation dissipates over time, however, as global energy prices stop rising and global supply constraints stabilise, while domestic cost pressures ease with demand weakening. The widening degree of spare capacity adds further to the downward pressure on inflation in the second half of the forecast. Conditional on the market-implied path for Bank Rate, consumer price inflation is projected to fall to a little above the 2% target in two years' time and below the target by a greater margin in three years. In line with the usual convention, the Committee's forecast is conditioned on announced Government policy. And I should note that the Committee's forecast was closed before Ofgem's announcement on the level of the energy price cap and the Government's announcement of its policy response this morning. So the impact of these announcements is not included in the projection presented in this Monetary Policy Report. It is unlikely, however, that the policies will have a material impact on consumer price inflation beyond the second year of the forecast. Risks around the outlook However, the degree of uncertainty around the outlook remains unusually high."
BoE_202202_opening,20220203,opening,Governor,governor,0,opening,2,BoE_202202_opening_2,31,55,23,"Looking over the near term, upside risks to inflation are in full focus. In the Monetary Policy Committee's central projection, wage growth moderates as domestic demand weakens owing to the squeeze in real incomes from higher energy and tradable goods prices. Over the past few months, however, indicators of short-term inflation expectations have risen as inflation itself has picked up. The Bank Agents' survey captures a pick-up in expected pay settlements driven by higher consumer price inflation in addition to labour market tightness. Some firms report that they have started passing on higher labour costs to consumer prices. If these effects prove stronger or more persistent that than assumed in the central projection, inflation could rise further. The MPC will continue to monitor indicators of expectations, and their impact, very closely. As inflation comes down over the medium term, however, downside risks come into sharper focus. The Committee's forecast is conditioned on paths for oil, gas and electricity prices that follow their respective futures curves for the first six months, and beyond that - given the inherent unpredictability of these prices - remain constant. Given the shape of those futures curves, this assumption implies that, beyond that six-month horizon, the assumed paths of wholesale energy prices remain a long way above the levels that markets expect currently expect. If energy prices were to fall back to the levels implied by futures curves, the degree of excess supply and unemployment would be around ½ percentage point lower by the end of the forecast period. CPI inflation would fall towards target more rapidly and, conditional on the current market-implied path for Bank Rate, would be around ¾ percentage points below the target in two and three years' time. The monetary policy decision I will now turn to the immediate monetary policy decision. The Monetary Policy Committee's Remit is clear that the inflation target applies at all times, reflecting the primacy of monetary policy's price stability objective. The Remit also recognises that there will be occasions when inflation departs from the target as a result of shocks and disturbances. In the recent unprecedented circumstances, the economy has been subject to very large and repeated shocks. The continued sharp rises in global energy and tradable goods prices will necessarily both put upward pressure on inflation and weigh on UK real aggregate income and spending. The role of monetary policy is to ensure that, as the economy adapts to this shock to real incomes, it does so in a way that is consistent with consumer price inflation returning sustainably to the 2% target in the medium term, while minimising undesirable volatility in output. Given the current tightness of the labour market and continuing signs of greater persistence in domestic cost and price pressures, the Committee judges that an increase in Bank Rate of 0.25 percentage points is warranted at this meeting. Consistent with the MPC's existing guidance from the August 2021 Monetary Policy Report, the Committee agreed at this meeting that the Bank of England should cease to reinvest maturities falling due from its stock of UK government bond purchases. The Committee further agreed that the Bank of England should start to unwind its stock of sterling non-financial investment-grade corporate bonds. This is not a standard demand-driven rise in Bank Rate. The predominant cause of higher inflation is an extreme example of what economists describe as a terms-of-trade shock."
BoE_202202_opening,20220203,opening,Governor,governor,0,opening,3,BoE_202202_opening_3,56,76,18,"Import prices - in particular those of energy and traded goods - have risen very significantly. This raises the cost of living for all of us and reduces real national income. We have not raised interest rates today because the economy is roaring away. The economy is only now back to the size it was immediately before the pandemic, a couple of years ago. An increase in Bank Rate is necessary because it is unlikely that inflation will return to target without it. We face the risk that some of the higher imported inflation could become engrained within the domestic economy, leading to a longer period of high inflation. Given the uncertainties, however, it should be no surprise that the exact size of the response was a close call in the Monetary Policy Committee. Today we have increased Bank Rate by 25 basis points to 0.5%. That is a change that will be felt by households and businesses around the UK. The extent of any further tightening in monetary policy will depend on the medium-term prospects for inflation. The MPC judges that, if the economy develops broadly in line with the February Report central projections, some further modest tightening in monetary policy is likely to be appropriate in the coming months. It would be a mistake to extrapolate simplistically from what we have done today and assume that rates are now on an inevitable long march upwards. The pace and extent of any further monetary tightening will, as always, depend on how the economy evolves and on a number of developments which are highly uncertain. We face a trade-off between strong inflation and weakening growth. For example, domestic wage and cost pressures could continue to build and the increase in imported costs may not ease off as expected. Conversely, as illustrated in an alternative scenario in the Monetary Policy Report, developments in wholesale gas prices could cause inflation to fall below target in two and three years' time. The Monetary Policy Committee will, it scarcely needs to be said, remain very vigilant. With that, Ben, Dave and I will be happy to take your questions."
BoE_202202_transcript,20220203,transcript,Andrew Bailey,governor,1,opening,0,BoE_202202_transcript_0,1,10,10,"Let me say that I'm most decidedly not going to use the phrase 'wage price spiral'. We're not in the territory of that phrase, in my view. What we are saying, and you may have observed I referred a number of times to the survey that our regional agents have done actually very contemporaneously, they finished it literally only a week or two ago, is that we are seeing upward movement in what firms expect to be wage settlements. After adjusting for all the sort of various COVID related effects on the data, I think the underlying rate of wage growth is somewhat higher than we would expect it to be at this point in the cycle. That's something we've observed before but coming onto the main thrust of your question, I mean, you're correct that of course this is a difficult situation. You know, we are we all hope coming out of the COVID period. There is good news in that that the economy has broadly recovered its pre-COVID level of output. I think another very good piece of news is that, you know, let's put our hand up, I think all of us, you know, thought unemployment would be higher than it actually has been and is, and that is very good news. I'll finish by saying and this is a hard message, I know, that we are facing a squeeze on real incomes this year because we've got this combination of high inflation at the terms of trade shock, as I said, the effect of imported prices. We do think that will start to slow demand and it is necessary for us to raise interest, to raise bank rates and therefore to raise interest rates because if we don't do that we think that the effects will be worse because this risk that we get more what I call domestic price pressures coming in, which is in the sense my way of turning round your wage cost spiral point, will get more enhanced."
BoE_202205_opening,20220505,opening,Governor,governor,0,opening,0,BoE_202205_opening_0,0,15,15,"1 BANK OF ENGLAND MONETARY POLICY REPORT PRESS CONFERENCE Thursday 5 May 2022 Opening Remarks by Andrew Bailey, Governor Introduction Welcome to this presentation of the May Monetary Policy Report. The main development since our last Report in February has been Russia's unprovoked and illegal invasion of Ukraine. The Bank of England condemns Russia's actions and the suffering inflicted on Ukraine. The Bank is working closely with the UK Government to support its response in coordination with international authorities. Global inflationary pressures have intensified sharply in the build up to and following the invasion. This has led to a material deterioration in the outlook for world growth. Concerns about further supply chain disruption have also risen, both due to the invasion and to Covid developments in China. These developments have exacerbated greatly the challenges already facing the UK, and many other economies, from the series of adverse supply shocks we continue to face. Monetary policy must, therefore, navigate a narrow path between the increased risks from elevated inflation and a tight labour market on one hand, and the further hit to activity from the reduction in real incomes on the other. While these shocks are global in nature, there are important differences in the way they are impacting different economies. To characterise the situation, the United States is facing what looks like a demand shock, with a strong domestic labour market, strong domestic demand and relatively less exposure to the energy price shock given its position as a major gas producer. The euro area by contrast is facing a supply/cost shock, as it starts with a somewhat weaker domestic labour market, and is heavily exposed to the rise in gas prices. Like the euro area, we are experiencing a sharp terms of trade shock emanating from the rise in the price of tradable goods and energy. But our strong labour market is more akin to that in the US. 2 The outlook for inflation Turning to our latest projections, this is a forecast of two halves: with inflation well-above target in the near term, but subsequently falling back to end the forecast below the target, as global inflationary pressures fall sharply and domestic activity weakens."
BoE_202205_opening,20220505,opening,Governor,governor,0,opening,1,BoE_202205_opening_1,16,66,47,"This is similar in nature to our February forecast, although developments since then have increased the size of these swings. In line with the MPC's conventions, the projections are conditioned on a market-implied path for Bank Rate that rises to around 2½% by mid-2023, 1.1 percentage points higher than in February, before falling to 2% at the end of the forecast period. Wholesale energy prices are assumed to follow their respective futures curves for the first six months of the projections and remain constant beyond that. Given that path for wholesale prices and Ofgem's published method for calculating the retail gas and electricity price caps, Bank staff currently forecast that household energy prices would rise by a further 40% in October. The strength of inflation relative to the 2% target mainly reflects previous large increases in global energy and tradable goods prices, owing to the build up to and subsequent Russian invasion of Ukraine, and to the continuing effects of the pandemic on the pattern of global demand and disruption to global supply chains. In the MPC's central projection, CPI inflation is expected to rise over the remainder of the year, averaging slightly over 10% at its peak in 2022 Q4. The majority of that further increase reflects higher household energy prices. The price cap mechanism means that it takes some time for changes in wholesale gas and electricity prices to be reflected in retail energy prices. That means consumer price inflation is likely to peak later in the United Kingdom than in many other economies, and may therefore fall back later. Though responsible for less of the current and projected rise in inflation, domestic inflationary pressures have also increased. The Labour Force Survey unemployment rate fell to 3.8% in the three months to February, consistent with a continuing tightening in the labour market. Underlying nominal earnings growth has risen to around 4 to 4½% and is expected to strengthen further in coming months to average 5¾% in 2022, given the further tightening of the labour market and some upward pressure on wage growth from higher price inflation. Consistent with this, there has been some increase in the inflation rates of more domestically supplied services. 3 UK GDP growth is expected to slow sharply over the first half of the forecast period. That predominantly reflects the significant adverse impact of the sharp rises in global energy and tradable goods prices on most UK households' real incomes. It is a measure of the scale of the shock that total real household disposable income is projected to fall by 1¾% in 2022 which, apart from 2011, would be the largest contraction since comparable records began in 1964. I recognise the hardship this will cause for many people in the UK, particularly those on the lowest incomes, often with little or no savings, who are hit hardest by increases in the prices of basic necessities like food and energy. As a result of the associated decline in activity, although the unemployment rate is likely to fall further in the near term to 3.6% in Q2, it is projected to rise to 5½% in three years' time given the sharp slowdown in activity. With monetary policy acting to ensure that longer-term inflation expectations are anchored at the 2% target, upward pressure on CPI inflation is, therefore, expected to dissipate over time. Global commodity prices are assumed to be consistent with the conditioning paths for energy prices and so rise no further in the central projection. Global bottlenecks are expected to ease over time, and the weakening in growth and building excess supply leads domestic inflationary pressures to subside. Once CPI inflation starts to fall, it is projected to fall relatively quickly; to a little above the 2% target in two years' time, largely reflecting the waning influence of external factors, and to 1.3% in three years, well below the target and mainly reflecting weaker domestic pressures. The risks to the inflation projection are judged to be skewed to the upside at these points, given the risks of more persistent strength in nominal wage growth and domestic price setting than we have assumed. The policy decision I will now turn to the monetary policy decision. The MPC's remit is clear that the inflation target applies at all times, reflecting the primacy of price stability in the UK monetary policy framework. The framework also recognises that there will be occasions when inflation will depart from the target as a result of shocks and disturbances. The economy has recently been subject to a succession of very large shocks. In particular, should the current very elevated levels of global energy and tradable goods prices prove persistent, this will necessarily weigh further on most UK households' real incomes and many UK companies' profit margins. But what monetary policy can do is to ensure that, as this real economic adjustment occurs, it does so in a manner consistent with achieving the 2% inflation target sustainably in the medium term, while minimising undesirable volatility in output. Recent developments have exacerbated materially both the near-term peak in CPI inflation, and the prospective negative impact on activity and medium-term inflationary pressures. Nevertheless, given the current tightness of the labour market, continuing signs of robust domestic cost and price pressures, and the risk that those pressures will persist, the Committee voted at this meeting to increase Bank Rate by a further 0.25 percentage points to 1%. Based on their updated assessment of the economic outlook, most members of the Committee judge that some degree of further tightening in monetary policy might still be appropriate in the coming months. There are risks on both sides of that judgement and a range of views among these members on the balance of risks. The MPC will continue to review developments in the light of incoming data and their implications for medium-term inflation. Given the uncertainty around the outlook, it is unsurprising there were a range of views amongst members of the committee about the extent of tightening required at this meeting and in the coming months. This reflects the narrow path we are navigating, given the magnitude of the risks on both sides of our inflation projections. Reflecting the risks on one side of that narrow path, at this meeting three members preferred a 0.5 percentage point increase in Bank Rate. Reflecting the risks on the other side, however, there were also a range of views about the need for, and extent of, any further tightening in policy in the coming months. While most members judged that some degree of further tightening might still be appropriate, some members judged that the risks around activity and inflation over the policy horizon were more evenly balanced and that such guidance was not appropriate at this juncture. Finally, the MPC is providing further information on unwinding the stock of assets previously purchased as part of the QE programmes. As Bank Rate is being increased to 1%, and consistent with 5 the MPC's previous guidance, the Committee will now consider beginning the process of selling UK government bonds held in the Asset Purchase Facility. The Committee recognises the benefits of providing market participants with clarity on the framework for any potential sales programme. The MPC has therefore asked Bank staff to work on a strategy for UK government bond sales, and will provide an update at our August meeting. This will allow the Committee to make a decision at a subsequent meeting on whether to commence sales. I should reiterate that no decision on whether to commence sales has yet been made. The Committee reaffirmed that that decision will depend on economic circumstances including market conditions at the time, and that sales would be expected to be conducted in a gradual and predictable manner so as not to disrupt the functioning of financial markets. Ben, Dave and I will be happy to take your questions."
BoE_202205_transcript,20220505,transcript,Andrew Bailey,governor,1,opening,0,BoE_202205_transcript_0,0,20,19,"Well, thanks Faisal, as you say, it is a very weak projection, it's a very sharp slow down. There's a technical definition of a recession, it doesn't meet that. But put that to one side, it is a very, obviously, sharp slow down in activity. So, turning to the question, I mean, it's a very good question about why, therefore, should we increase the bank rate at this point in time. And I've come back to this analogy that I used and have used recently, of this narrow path. And the challenge, of course, is that on the other side of the path, is where inflation currently is. But, more particularly, the risks as we've see them going forwards, and I would highlight as we say in the minutes actually, in the statement, that the risks are, if anything, on the upside, we think to inflation, going forwards. And that comes, I think, I would highlight two things. One, and we pointed to it, is that we have a very tight labour market. So, yes, we have unemployment currently at 3.8%, we think it will actually down somewhat, and of course, it's interesting looking back I think over the last two years or so, as to how much we now know, and I would emphasise 'now know,' because there was huge uncertainty through the Covid period on this question, and it's a very important question. But of course, the unemployment path has been very different. I mean, I spend a lot of time going around the country talking to businesses, I'm sure you do as well, and frankly, the first, second and third thing they want to talk about, quite reasonably, is the tightness of the labour market. The challenges they're having in recruitment and what that means for pay. The second thing is, I would highlight on this risks point, is that one of the things we've highlighted before is that the Covid period did lead to quite a substantial build up in unexpected saving in the economy. And, under this new, if you like, setting, of the state of the economy, is how exactly are those savings going to be used, and are they going to be used to, sort of if you like, buffer demand. But of course, then we have to look at that from the point of view of the risks to inflation. So, the point being is, we are walking this very narrow path now. And to your question, I mean, the approximate reason for raising bank rate at this point is, it's not only the current profile of inflation, and what is to come. And of course what that could mean for inflation expectations."
BoE_202208_opening,20220804,opening,Governor,governor,0,opening,0,BoE_202208_opening_0,0,33,32,"BANK OF ENGLAND MONETARY POLICY REPORT PRESS CONFERENCE Thursday 4 August 2022 Opening Remarks by Andrew Bailey, Governor Introduction Welcome to the August Monetary Policy Report press conference. The risks around the MPC's forecasts are exceptionally large at present. The source of these risks, and the driver of most of the revisions to our forecasts since our May report, is overwhelmingly energy prices and the consequences of the actions of Russia. In line with the MPC's conventions, the baseline projections in the August Report are conditioned on: wholesale energy prices following their futures curves for the next six months and then remaining constant; the path of Bank Rate implied by financial markets; and fiscal policy evolving in line with announced Government policies. There are, however, a range of plausible paths for the economy, which have CPI inflation and medium-term activity significantly higher or lower than in the baseline projections. Therefore, the August Report contains several projections for GDP, unemployment and inflation. The MPC is currently putting less weight on the implications of any single set of conditioning assumptions and projections, choosing to draw more heavily on alternative scenarios as well. Energy prices and the outlook for inflation To illustrate the key aspects of our projections I will be using some charts. Since our May Report, as shown on this chart , the most significant news has been the further sharp increase in energy prices. Wholesale gas futures prices for end-2022 have nearly doubled since May, and are almost seven times higher than implied by the futures curve a year ago, overwhelmingly as a result of Russia's restriction of gas supplies to Europe and the risk of further curbs. CPI inflation is now expected to peak at just over 13% in 2022 Q4, and to remain at very elevated levels throughout much of 2023. The bulk of that further increase reflects higher wholesale prices feeding through to retail energy prices, with a further large rise in the Ofgem price cap projected in October. This takes into account the new method announced by Ofgem this morning. This next chart shows the direct impact of energy prices on CPI inflation in our recent forecasts, and the extent of the latest upward revision. This rise in energy prices has exacerbated the fall in real incomes, and so led to another significant deterioration in the outlook for activity in the UK and the rest of Europe. GDP growth in the UK has slowed and the economy is now forecast to enter recession later this year. As illustrated by the white line in this chart , the projected peak-to-trough fall in output of 2¼% would be similar to that experienced in the early 90s recession, in green, although less than during the global financial crisis, in pink. In marked contrast to these previous episodes, this predominantly reflects the adverse impact of the very sharp rises in global energy and tradable goods prices on UK real incomes and spending. As shown in the fan chart , these developments have further accentuated the extent to which, in the MPC's baseline projection, UK CPI inflation is well above the 2% target over the first 18 months but well below the target in three years' time. CPI inflation is projected to fall back somewhat from its peak to 9.5% in a year's time, as rising domestic pressures are outweighed by the assumed stabilisation of global energy prices and falls in tradable goods prices. Inflation then falls sharply to the 2% target in two years' time, as external influences continue to dissipate and domestic factors fade. CPI inflation falls well below the target in three years' time, reflecting a further weakening in domestic pressures. The uncertainty around the outlook is exceptionally high, however, especially for energy prices. Under our standard conditioning assumption, energy prices would be extremely high by historical standards throughout the three-year forecast period. Therefore, as in recent Reports, we have also set out an alternative projection in which energy prices follow their downward-sloping futures curves over the forecast period, although they are still above their pre-pandemic levels throughout. As shown in the cyan line in this chart , under this assumption the lower contribution from energy prices implies CPI inflation around 1 percentage point below the 2% target at the two year point, and even further below at year three. This would result in a smaller fall in households' real incomes and spending, and so GDP would be somewhat higher than in the baseline projection. The economy is still projected to experience a recession, albeit a less deep one, as shown by the cyan line on this chart . The difference between these forecasts demonstrates the sensitivity of the outlook for inflation to swings in energy prices. The Russian shock is now the largest contributor to UK inflation by some way. But it will not deflect us from setting monetary policy to bring inflation back to the 2% target. Domestic inflationary pressures and the persistence of inflation Though responsible for much less of the rise in headline inflation, domestic inflationary pressures have also remained strong."
BoE_202208_opening,20220804,opening,Governor,governor,0,opening,1,BoE_202208_opening_1,34,68,33,"Firms generally report that they expect to increase their selling prices markedly, reflecting the sharp rise in their costs. The labour market remains tight, with the unemployment rate at 3.8% in the three months to May and vacancies at historically high levels. The tightness of the labour market partly reflects the fall in the labour force since the start of the pandemic, which is in part due to the large rise in economic inactivity shown by the orange bars in this chart . As a result, and consistent with the latest Agents' survey, underlying nominal wage growth is expected to pick up further. Domestic pressures on CPI inflation are nevertheless expected to dissipate thereafter. Although the labour market may loosen only slowly in response to falling demand, unemployment is expected to rise from 2023. And with monetary policy acting to ensure that longer-term inflation expectations are anchored at the 2% target, wage pressures are assumed to adjust down quickly as inflation itself falls back. There is, however, a risk that domestic price setting proves more persistent than in the MPC's baseline projection. Therefore, the MPR also contains a scenario in which firms are able to pass on the increases in their labour costs to their prices to a greater extent than normal. As shown in the purple line in this chart , under this scenario CPI inflation is even further above the inflation target at year 2 but unchanged and still below target at year 3. The mix of high near-term inflation and weak activity leading up to a recession, is a challenging backdrop for monetary policy. Monetary policy must be set taking into account the scale of the shock to real income, while keeping our focus on inflation and inflation expectations. Returning inflation to its 2% target remains our absolute priority, no ifs, no buts. At this meeting the Committee voted to increase Bank Rate by 0.5 percentage points, to 1.75%. The committee judged that a more forceful policy action was justified at this meeting, as there have been some indications that inflationary pressures are becoming more persistent and broadening to more domestically driven sectors. Companies are finding it easier to increase prices, and the labour market remains tight. In such an environment, there is a risk that the further jump in energy prices, and the higher and more protracted path for CPI inflation over the next 18 months, will lead to more enduring domestic price and wage pressures, which would be inconsistent with inflation returning to the 2% target. Overall, a faster pace of policy tightening at this meeting will help to bring inflation back to the 2% target sustainably in the medium term, and to reduce the risks of a more extended and costly tightening cycle later. Looking ahead, that does not mean we are now moving to a pre-determined path of raising Bank Rate by 50bp per meeting, or indeed any other number. Policy is not on a pre-set path, and what we do this time does not tell you what we're going to do next time. All options are on the table at our September meeting and beyond. The MPC will take the actions necessary to return inflation to the 2% target sustainably in the medium term, in line with its remit. The scale, pace and timing of any further changes in Bank Rate will reflect the Committee's assessment of the economic outlook and inflationary pressures. The Committee will be particularly alert to indications of more persistent inflationary pressures, and will if necessary act forcefully in response. I recognise the significant impact this will have, and how difficult the cost of living challenge will continue to be for many people in the United Kingdom. But if we don't act now to prevent inflation becoming persistent, the consequences later will be worse, and will require larger increases in interest rates. Asset Purchase Facility At this meeting the MPC also provided an update on its strategy for beginning to sell the gilts held in our Asset Purchase Facility portfolio. The MPC is provisionally minded to commence gilt sales shortly after its September policy meeting, subject to economic and market conditions being judged appropriate and to a confirmatory vote at that meeting. Were it to proceed, the Committee judged that, over the first twelve months of a sales programme, a reduction in the stock of purchased gilts held in the APF of around £80 billion was likely to be appropriate. Given maturing gilts, this would imply a sales programme of around £10 billion per quarter. The planned details of the proposed programme are set out in a Market Notice released alongside the MPR. Conclusion To conclude, let me reiterate that our job is to hit the inflation target, and in the current circumstances to return inflation to target. To be clear, there are no ifs or buts in our commitment to the 2% inflation target."
BoE_202208_transcript,20220804,transcript,Andrew Bailey,governor,1,opening,0,BoE_202208_transcript_0,0,4,4,"Well, can I be very clear, Joel, on two points? One is that, of course, it's not for the Bank of England to get involved in the leadership election that's taking place for the leader of the Conservative Party and the next Prime Minister. Secondly, as I said earlier, we condition on the fiscal policy that is announced. I look forward to working with whoever the next Prime Minister is, and I'm sure there will be a Budget and fiscal policy will be announced but at this stage, I'm not going to go any further than that in commenting on what might or might not happen."
BoE_202211_opening,20221103,opening,Governor,governor,0,opening,0,BoE_202211_opening_0,0,47,37,"MONETARY POLICY REPORT PRESS CONFERENCE Thursday 3 November 2022 Opening Remarks by Andrew Bailey, Governor Introduction Welcome to the November Monetary Policy Report press conference. Today, we have increased Bank Rate by 0.75 percentage points to 3%. This is the eighth consecutive increase in Bank Rate since December last year. We have raised rates by a total of 2.9 percentage points. And why are we doing it now when so many people are already struggling with higher energy and food prices, and other bills? We are increasing Bank Rate because inflation is too high. And it is the Bank's job to bring it down. But that has changed with supply chain problems after the pandemic, the Russian invasion of Ukraine, and the shrinkage of the UK labour force. But I know that for many it will feel worse, because the prices of essentials like energy and groceries have risen by much more. People should not have to worry about inflation as they go about their daily business. That is why we have been raising interest rates and did so again today. Low and stable inflation is the bedrock of a stable economy, a predictable economy in which people can go about their lives and plan for their futures with confidence; an economy in which hard-earned money keeps its value. If we do not act forcefully now, it will be worse later on. As the forecast we are publishing today shows, the road ahead will be a tough one. The sharp increase in energy prices, caused by Russia's invasion of Ukraine, has made us poorer as a nation. The level of economic activity in our economy is likely to be flat, and even fall, for some time. We cannot pretend to know what will happen to gas prices. But from where we stand now, we think inflation will begin to fall back from the middle of next year, probably quite sharply. To make sure that happens, Bank Rate may have to go up further over the coming months. But based on where we stand today, we think Bank Rate will have to go up by less than currently priced into financial markets. That is important because, for instance, it means that the rates on new fixed-term mortgages should not need to rise as they have done. Conditioning assumptions There has been significant volatility in UK financial markets since our last Monetary Policy Report in August. - - - CHART 1 - - - Market-implied rate peaks have risen since August. The lines in this chart show you the peak level of interest rates expected in financial markets in various economies, and how those expectations have moved around since our last forecast. The expectations for Bank Rate here in the UK are plotted in turquoise. At the time of the August Report, the market-implied path for Bank Rate rose to a peak of about 3% in March 2023. By the Committee's September policy announcement, on 22 September, the peak was 5%, one year ahead. On 27 September, when turmoil in the market was most intense, the path reached its highest peak, at nearly 6½% in November 2023. At the market close yesterday, it stood at about 4¾%. Given these moves, we have conditioned our November forecast on an average of the market-implied paths over the final 7 days of our usual 15-day window. This means that the forecast we present today is conditioned on a path for Bank Rate that rises to a peak of 5¼% in the second quarter of next year. Despite the shorter window, this is substantially higher than in August. - - - CHART 2 - - - The recent moves in long-term rates have been driven by UK factors. Part of this repricing in UK interest rates reflects global developments. But as this next chart illustrates, there has clearly been a UK-specific component. Indeed, these significant moves in UK yields - and in UK financial conditions more broadly - have occurred in parallel with significant developments in fiscal policy. As we describe in a Box in the Monetary Policy Report, the Government has announced an Energy Price Guarantee and an Energy Bill Relief Scheme."
BoE_202211_opening,20221103,opening,Governor,governor,0,opening,1,BoE_202211_opening_1,48,66,17,"These schemes provide support to households and businesses with their energy bills. The full Energy Price Guarantee will now last for six months. Details are yet to follow on the level of support provided beyond that period. The MPC has therefore adopted a stylised indicative path for household energy prices in producing the forecast. The working assumption is that the typical household energy bill is halfway between the announced £2,500 limit under the EPG and the level implied by futures prices under the Ofgem price cap. The energy support policies are likely to limit significantly further increases in inflation, and reduce its volatility, while also supporting spending relative to the August projections. Other fiscal measures announced as of 17 October also support demand relative to the August projection. The November forecast does not incorporate any fiscal measures that may be announced at the Autumn Statement scheduled for 17 November. Sadly, as a consequence of Russia's invasion of Ukraine, I talked at length about wholesale gas prices at both the May and August press conferences. - - - CHART 3 - - - Gas spot prices have fallen, but future prices are higher. Spot prices have fallen recently (as you can see from the turquoise line). But medium-term futures prices have been driven higher by Russia's restriction of gas supplies to Europe and concerns about gas storage capacity beyond this winter (as you can see by comparing the orange line for November with the purple line for August). The Committee has conditioned its November forecast on the full futures curve for wholesale energy and non-energy commodity prices. This is a change to its previous convention that wholesale energy prices follow their respective curves for the first six months of the projection only and then remain constant. The new conditioning assumption avoids a purely mechanical jump in the projection for consumer prices, which would be a product of using the former convention beyond the assumed two-year duration of Government support to retail energy prices. The economic outlook By comparison with the moves in financial markets, the news in the economic data has been more modest. Gross Domestic Product has been weaker than we expected, labour market data have been stronger, and inflation numbers - while high - have come in about as we expected in August."
BoE_202211_opening,20221103,opening,Governor,governor,0,opening,2,BoE_202211_opening_2,67,104,33,"We keep a particularly close eye on the labour market. There are some signs that labour demand is starting to soften. The unemployment rate fell to 3.5% in the three months to August, its lowest level since 1974. - - - CHART 4 - - - The number of inactive people is much higher than pre-Covid As you can see in the purple bars on this chart, the number of unemployed people has now fallen below its pre-Covid level. A key reason why the labour market has tightened since the pandemic is a marked increase in the number of people who are without a job and who are not actively seeking one. The number of such so-called inactive people has risen again since the August report (as you can see in the blue bars), and by more than projected. Sadly, many of the people who are outside the labour market report that they suffer from long-term sickness. The forecast - - - CHART 5 - - - CPI inflation projection. Looking further ahead, the MPC expects domestic inflationary pressures to remain strong over the next year. But in its central projection, which is conditioned on the market-implied path for Bank Rate that rises to 5¼%, inflation then falls sharply. It reaches 1.4% at the end of second year, below the 2% target, and it falls to 0% at the end of the third year. Contributing to this fall is the purely arithmetic fact that the previous rises in energy prices drop out of the calculations of the annual inflation rate. But, in addition, tighter financial conditions and the squeeze on real incomes slow demand and eventually lead to excess supply and rising unemployment. - - - CHART 6a - - - Changes in GDP since pre-recession peaks. In the Committee's best collective judgement, GDP will continue to fall throughout 2023 and into 2024. Compared with previous UK recessions, GDP remains weak relative to its pre-recession level for a prolonged period (as you see here in yellow). The Committee will not pursue a path that we think will drive inflation far below target. The MPC does not follow the market; it sets the level of Bank Rate to return inflation to the 2% target sustainably, and in a way that avoids undesirable volatility in output. In every Monetary Policy Report, we also publish a projection conditional on a constant level of Bank Rate, though, for the avoidance of any doubt, with the clear warning that this does not mean the Committee expects to keep Bank Rate constant either. - - - CHART 6b - - - Changes in GDP since pre-recession peaks. That said, comparing outcomes under this alternative conditioning assumption with outcomes in the central projection gives a sense of how different policy decisions may shape the paths for economic activity and inflation. As you can see here in the dashed yellow line, in projections conditioned on a constant level of Bank Rate at 3%, the depth of the recession is much shallower. Not surprisingly, the projected outcomes for inflation are also different. Conditional on a constant rate, consumer price inflation is projected to be a little above - rather than below - the target at the end of the second year. And let me add a further point before I conclude. Regardless of the path for Bank Rate, the MPC judges that the risk to its inflation projections are skewed to the upside. In part, the skew reflects the possibility of more persistence in wage and price-setting. If I can put this simply, yes we project a steep fall in inflation, but there are substantial upside risks to that path. The monetary policy decision It is not least for this reason that the majority of the Committee judges that further increases in Bank Rate may be required to return inflation sustainably to target, should the economy evolve broadly in line with the forecast presented in the November Monetary Policy Report. But the central projections, conditional on the market-implied path for Bank Rate, serve as a reminder that we should not increase Bank Rate too far. The MPC judges that the path for Bank Rate required to return inflation sustainably to target is shallower than that priced into financial markets. If the outlook suggests more persistent inflation pressures, the Committee will respond forcefully, as necessary. With that, Ben, Dave and I will be happy to take your questions."
BoE_202211_transcript,20221103,transcript,Andrew Bailey,governor,1,opening,0,BoE_202211_transcript_0,1,9,8,"I want to start by saying that we do understand the difficulties of the situation we're in and the difficulties that mortgage holders face. First of all, if we don't take action to bring inflation down, it gets worse. I've said this before but I will say it again, you know, there is no easy outcome to this in that sense and that's important. The second thing I want to say and of course this applies to people who, you know, will be applying for mortgages or will be rolling over fixed rate mortgages. There's been a lot of commentary quite rightly about what has happened to the mortgage market in the last month or so, what's happened to rates and to availability of mortgages. My central view would be that what we have announced today, both in terms of the rate move, which was fully priced up to markets, and the message that you're seeing that we've given I think very clearly about our view on the market curve, is that therefore this action should not lead to higher mortgage rates. In fact actually I think, you know, there is a downside to mortgage rates and that's in terms of new fixed rate mortgages as we adjust, as we must do, and as markets are doing, from the experiences we've had in the last month or so. Now, I fully accept that is more comfort to some people that others and I want to get back to the point I made at the start which you rightly highlight, this is a difficult time."
BoE_202302_opening,20230202,opening,Governor,governor,0,opening,0,BoE_202302_opening_0,0,48,41,"1 MONETARY POLICY REPORT PRESS CONFERENCE Thursday 2 February 2022 Opening Remarks by Andrew Bailey, Governor Introduction Welcome to the February Monetary Policy Report press conference. Today we have increased Bank Rate by 0.5 percentage points to 4%. The outlook for inflation Since the November Monetary Policy Report we have seen the first signs that inflation has turned the corner. Annual consumer price inflation has come down from 11.1% in October to 10.5% in December. That is below where we thought it would be in the November Report. We think it will continue to fall this year, and more rapidly in the second half of the year. Last year's very large increases are now beginning to drop out of the annual calculation of the consumer price index. Moreover, wholesale gas spot prices have fallen by around 50% since November. - - - CHART 1 - - - CPI inflation projection with direct energy contribution This chart shows the MPC's central projection for inflation, which is conditional on a market-implied path for Bank Rate that peaks at around 4½% by the middle of this year. In the central projection, consumer price inflation falls to about 4% towards the end of the year. The purple bars illustrate that a sizeable part of this fall can be explained by direct effects from energy prices. The expected fall in inflation is not just about energy prices, however. Global price pressures are easing as supply chain disruptions have lessened across most of the world. We therefore expect headline inflation to fall rapidly based on lower external cost pressures more broadly. This will alleviate some of the very big shock to national real income that we have had as a country. But while external pressures are easing, other indicators of inflationary pressures have proved firmer than expected. The labour market remains tight by historical standards, and annual private sector pay growth increased to 7.2% in the three months to November, surprising on the upside. - - - CHART 2 - - - While core goods inflation has eased, services inflation has not 2 As you can see in this chart, while core goods inflation has fallen, services consumer price inflation rose to a 30-year high of 6.8% in December, above what we expected in the November Monetary Policy Report. Bank staff project that services inflation will rise further in the near term, consistent with the strength in wages and other costs facing service-sector companies. It is price and wage setting dynamics in the UK economy that ultimately determine how long it takes to return inflation to target on a sustainable basis. So while we are confident that inflation will come down this year, developments over the coming quarters will be crucial in determining how quickly overall inflationary pressures abate. Judging sustainability requires us to look further ahead, and that is where uncertainties increase. In the Monetary Policy Committee's best collective judgement, the most likely outcome is that an increasing degree of economic slack, alongside reduced external pressures, leads consumer price inflation to fall below the 2% target from around spring 2024. Besides the market-implied path for Bank Rate, this is conditional on wholesale energy prices following their respective futures curves over the whole forecast period. In other words, the forecast suggests that inflation will come down and that it will fall quite sharply. With inflation currently above 10%, we are in uncharted territory. Energy prices may not fall by as much as currently expected in financial markets - and even if they do, this period of very high inflation could play into price and wage setting in the UK economy to a greater extent than we assume in our central projection. - - - CHART 3 - - - CPI inflation projection For this reason, we think the risks around our central projection for inflation, shown in this chart, are skewed significantly to the upside, and more so than at any time in the history of the Monetary Policy Committee. Our decision to increase Bank Rate today, despite a weak outlook in our central projection, reflects these uncertainties - uncertainties over the extent to which external and domestic inflationary pressures develop over the coming quarters, and wider uncertainties over the trajectory of the economy and inflationary dynamics further ahead. The full effect of that is still to come through. But it is too soon to declare victory just yet. We can see that in the data, we can hear it from our Agents. And we need to be absolutely sure that we really are turning the corner on inflation. And that is why we continue to monitor the data very carefully. 3 Key judgements Let me say a few more things about the key judgements underlying the forecast, because these are important. The first key judgement is about potential supply - the level of output the economy can sustain without generating too much inflation. Over recent years, the UK economy has been hit by a series of significant economic shocks that have affected potential supply. This includes the change in the trading relationship with the European Union, the Covid pandemic, and developments in global energy prices related to Russia's brutal war on Ukraine and its people. These shocks have held back both productivity and labour supply. We describe our assessment of these shocks in the Monetary Policy Report published today. I will just point to one important part of the story."
BoE_202302_opening,20230202,opening,Governor,governor,0,opening,1,BoE_202302_opening_1,49,95,43,"- - - CHART 4 - - - Rising inactivity has been driven by people aged 50+ As this chart shows, since the start of the Covid pandemic we have seen a large increase in the number of people who do not take an active part in the labour market. Some of this rise in economic inactivity is caused by the population ageing. But as the chart shows, those aged 65 and above account for only around a third of the increase (shown in blue bars). There has also been a marked increase in inactivity amongst 50 to 65 year olds (shown in orange). Many say they have retired early, making a choice about the life they would like to live. At the same time, however, many people report that they are affected by long-term illness. A number of these people say they are unlikely to come back into the labour market. This significant and lingering fall in the labour supply weighs on the UK economy's potential. - - - CHART 5 - - - The fall in participation will take time to unwind You can see this directly in this chart. The white line is the participation rate - the share of people over 16 who take part in the labour market. It fell sharply with the onset of Covid, which is not unusual by international standards. We think this fall will take some time to unwind. So we have revised down our estimates of the trend in participation with persistent effects from Covid adding to population ageing. - - - CHART 6 - - - The level of supply is only expected to recover gradually 4 As this next chart shows, as a result of the rise in inactivity - combined with the effects of the other shocks I briefly mentioned - the level of potential supply has not yet regained its pre-pandemic level. Supply growth is weak by historical standards, hence we assume that the level only recovers gradually. This is the first key judgement underlying our February forecast. The second key judgement is that the squeeze on real incomes from high energy prices and the path of market interest rates continue to weigh on demand. Economic output is therefore expected to fall slightly throughout 2023 and into 2024. - - - CHART 7 - - - Changes in GDP since pre-recession peaks This is nevertheless a much shallower decline than expected in the November Monetary Policy Report. This chart shows that the projected downturn in the economy, while still technically a recession by a common definition, is now significantly milder than past recessions. The peak-to-trough fall of gross domestic output (in the purple line) is less than 1%, compared with 3% or more in the 1980, 1990 and 2008 recessions (shown in blue, red and yellow, respectively). In part, the smaller decline in output reflects the fall in energy prices as well as the fall in the market-implied path for Bank Rate since the November Monetary Policy Report - and related to that the moderation of rates on new mortgages from the elevated levels we saw in the autumn. In part, however, the shallower downturn in the forecast reflects a reassessment of the outlook for consumption in light of the strength in the labour market and upside surprises to earnings. The Committee now expects a weakening in labour demand to be met to a larger extent by a reduction in vacancies and in hours worked, and to a lesser extent by an increase in redundancies and unemployment. In turn, as firms hold on to workers, households may worry less about the risk of job losses, which is likely to result in lower precautionary saving and higher consumption than previously assumed. This takes me to the third key judgement that, over the forecast period, what starts as excess demand becomes excess supply. - - - CHART 8 - - - Headwinds to demand lead to increasing economic slack You can see that in this chart, where we have added the projected level of output to the estimated path for potential supply. Notwithstanding the MPC's reassessment of the outlook for demand, continued headwinds lead to an increasing degree of economic slack emerging from the second quarter of 2023 - despite the weak outlook for supply. In the central projection, as I have described, the increasing degree of economic slack, alongside reduced external pressures, leads consumer price inflation to fall below the 2% target in the second half of the forecast. 5 The Committee has retained a judgement from previous forecasts that - given pressures from wage growth - inflation will be somewhat more persistent than the balance of supply and demand alone would suggest. This pushes up inflation a little in the central projection. While this still leaves inflation well below target in the second half of the forecast, there continue to be significant upside risks around this central projection. If wholesale energy prices remain at current levels, for example, consumer price inflation could be nearly one percentage point higher towards the end of the forecast. And domestic wage and price dynamics could prove more persistent than the central projection implies. The course of the economy over the coming quarters will be a key determinant of whether these risks crystallise. The monetary policy decision This takes me back to the monetary policy decision. Headline consumer price inflation has begun to edge back and is likely to fall sharply over the rest of the year. However, the labour market remains tight and domestic price and wage pressures have been stronger than expected, suggesting risks of greater persistence in underlying inflation. The extent to which inflationary pressures ease will depend on the evolution of the economy, including the impact of the significant increases in Bank Rate so far. The Monetary Policy Committee will continue to monitor closely indications of persistent inflationary pressures, including the tightness of labour market conditions and the behaviour of wage growth and services inflation. If there were to be evidence of more persistent pressures, then further tightening in monetary policy would be required. Looking further ahead, the Committee will adjust Bank Rate as necessary to return inflation to the 2% target sustainably. With that, Ben, Dave and I will be happy to take your questions."
BoE_202302_transcript,20230202,transcript,Andrew Bailey,governor,1,opening,0,BoE_202302_transcript_0,0,5,5,"Well, I think the way I would put that is you'll see from the statement that we've issued that we have changed the language we've used, and we've changed it in two respects. In the previous language we had a presumption that if the economy evolved as the forecast suggested, that's in November, then we expected there to be further rate increase. Now, we have changed both of those points and I think that reflects the fact that we've now got a combination of what I would call, we have seen a turning of the corner but it's very early days and the risks are very large, and it's really that that I think shapes where we go from here. So if those risks, emerge and if we continue to get overshoots as we've seen, in particularly wage data and particularly wage settlement data and services inflation, then we will have to respond to that because that will be evidence that these risks are crystallising. If of course the forecast or of course the economy were to evolve very much as the central case in the forecast suggests, then of course we would have to revaluate as we would always do."
BoE_202305_opening,20230511,opening,Governor,governor,0,opening,0,BoE_202305_opening_0,0,13,13,"1 MONETARY POLICY REPORT PRESS CONFERENCE Thursday 11 May 2023 Opening Remarks by Andrew Bailey, Governor Today's monetary policy decision The outlook for growth and unemployment has improved. Six months ago, we were expecting a shallow but long recession. Since then, energy prices have fallen substantially, and economic activity is holding up better than expected. Today, we are forecasting modest, but positive, growth, and a much smaller increase in unemployment. We think inflation will fall quite sharply over the coming months, beginning with the April number to be released in two weeks' time. Energy prices have fallen from their peaks, and that will now start to come through as lower inflation. Food price inflation should ease too, though we can be less sure about the timing. It is our job to get it all the way down to the 2% target and have it stay there. That is why today we have increased Bank Rate by 0.25 percentage points, to 4.5%. Low and stable inflation is the foundation of a healthy economy, and we have to stay the course to make sure inflation falls all the way back to the 2% target. The economic outlook In the Monetary Policy Report we present today, we have revised up our projections for growth in the UK economy. In the MPC's central projection, shown in Chart 1, the UK economy grows at a moderate pace over the next three years, with calendar- year growth expected to be ¼% this year, and ¾% in 2024 and 2025. This is still not a strong forecast, and we still expect a degree of economic slack to emerge from the end of this year, but the growth outlook is less weak than in the MPC's recent projections."
BoE_202305_opening,20230511,opening,Governor,governor,0,opening,1,BoE_202305_opening_1,15,55,36,"Consumer confidence, though still weak, is at its highest level for over a year. In the March edition of the Bank's NMG survey, households were more optimistic about the general economic situation than in the previous survey last September. The Bank's network of Agents has reported that activity has been stronger recently than their contacts previously expected. Above all, the improvement in the outlook reflects a further fall in wholesale gas prices, reversing some of the terms of trade shock that has been the primary cause of falling real incomes. But there has also been greater resilience in the economy than we had expected - as seen, for example, in strong employment numbers. Fiscal policy is also expected to boost GDP over the forecast, building to a peak impact of around ½%. Both the temporary 100% capital allowances for qualifying business investment and measures aimed at increasing labour market participation are assumed to have positive effects on potential supply. The outlook for inflation Annual consumer price inflation has come down from a peak of 11.1% in October last year. The latest figure of 10.1% for March was 0.8 percentage point higher than we expected at the time of the February Report. Higher food and clothing prices account for most of the upside surprise. As you can see in Chart 2, this is not just happening here in the UK. 3 We are acutely aware of how difficult this rise in food prices is for people, especially for those on lower incomes. We do see signs that food price inflation will start to slow. Global prices of wholesale agricultural commodities have come down since the Spring of last year, and food producer price indices have eased in recent months. Evidence collected by the Bank's Agents suggests that food producers expect food production costs to moderate. While this may take longer than we previously thought, we should expect this to feed through to consumer food inflation over the coming year. That is what I hear when I visit and meet with both food producers and retailers. And we have good reasons to expect headline inflation to fall sharply from April as last year's large energy price rises now start to drop out of the annual calculations. In the March release, the prices of electricity, gas and other fuels were more than 85% higher than a year ago, contributing more than 3 percentage points to headline inflation. That contribution is likely to drop significantly to about 1 percentage point in April's data as large increases in energy prices from a year ago drop out of the annual calculations. Looking ahead to the end of the year, the contribution from energy will fall further. This is illustrated in Chart 3, which has the level of the typical household energy bill on the left and the direct contribution of energy to inflation on the right. In the fourth quarter of this year, if energy prices evolve as financial market prices now suggest, we can expect the typical household energy bill to fall to around £2,100. But it is about 16% lower than the level a year before that when the Government's Energy Price Guarantee was put in place. Since energy makes up 4 around 5% of the consumer price index, that fall in the prices of electricity and gas, along with other fuels, translates into a contribution to overall inflation from energy of minus 1 percentage point towards the end of the year (as indicated on the right-hand chart). It is not least for this reason that consumer price inflation is on course to halve by the end of this year - though to be very clear, our target is a sustainable return of inflation to 2%. So we also have to look carefully at other components of the consumer price index. So-called core inflation, which excludes energy and food prices, is driven by items that can have more persistent inflationary dynamics. The upside news in inflation since February has predominantly been to headline inflation rather than core, but we still need to watch out for an effect on persistence. As you can see in Chart 4, core inflation is also elevated. 5 Some of this strength in core inflation reflects the indirect effects of higher energy prices. But it also reflects 'second-round effects' as the external shocks we have seen interact with the state of the domestic economy. And as headline inflation falls, these second-round effects are unlikely to go away as quickly as they appeared. The MPC judges that there is an important asymmetry in inflationary dynamics in this respect. This is why, even as headline inflation is coming down, the MPC is paying particular attention to indicators of inflation persistence, including labour market tightness and wage growth, and services inflation. Since the February Report, the news on these indicators has been mixed."
BoE_202305_opening,20230511,opening,Governor,governor,0,opening,2,BoE_202305_opening_2,56,85,29,"There are some signs that the labour market is loosening a little, though at a slower pace than we expected in February, and it nevertheless remains tight. Employment growth has been partially met by an increase in labour market participation, especially by younger people. The number of vacancies has come down from very high levels as well. As Chart 5 shows, the ratio of vacancies to unemployment - a key measure of labour market tightness - has fallen as a result. Similarly, job-to-job flows have declined a little in the most recent data. 6 In line with the data, businesses across the United Kingdom tell our network of Agents that recruitment difficulties have eased in recent months. Employees are moving jobs less frequently and employers are getting more applications for job vacancies. Nominal pay growth, shown in Chart 6, has also fallen back slightly, in line with our February projections. Near-term indicators, such as HMRC payroll data and the KMPG/REC salaries index, suggest that pay growth could ease further later this year. 7 Meanwhile, services price inflation, in Chart 7, remains elevated, broadly as expected in the February Report. This is likely to reflect some rebuilding of margins as well as wage growth and the indirect effects of higher energy and other input costs. The extent to which firms have already passed through higher costs will influence the pace at which services inflation declines. So while CPI inflation is expected to fall quite sharply as energy costs begin to ease, albeit at a somewhat slower pace than projected in February given the near-term outlook for food prices, the outlook for inflation further out is more uncertain and depends on the extent of persistence in wage and price setting. As shown in Chart 8, in the MPC's baseline modal projection, which is conditional on a market-implied path for Bank Rate that peaks at 4¾% in the fourth quarter of this year, an increasing degree of economic slack, combined with declining external pressures, lead inflation to fall materially below the 2% target in the medium term. 8 But the Committee continues to judge that the risks to inflation are skewed significantly to the upside, primarily reflecting the possibility of more persistence in domestic wage and price setting. We think the unwinding of second-round effects may take longer than it did for them to emerge. The current circumstances are so unusual, however, that it is hard to be precise about the extent of this asymmetry. So we have not made it part of our baseline modal projection. Nevertheless, the MPC judges that, relative to the baseline projection of significant declines in inflation to levels below target, there remains material upside risks over the medium term. Reflecting those risks, conditional on the market-implied path for Bank Rate, the MPC's mean forecast path for inflation is at or just below to the 2% target at years 2 and 3. I want to emphasise the point that having this large upside risk on inflation does not call into question meeting the inflation target in our projection using market rates. Upside risks may not materialise, and so the MPC's baseline modal forecast, remains for inflation to fall below the target in the medium-term, conditional on the market-implied path for Bank Rate. The transmission of monetary policy Monetary policy is now working to bring inflation down. Changes in Bank Rate seem to have passed through as would be expected into new mortgage and corporate borrowing rates. Overseas bank failures have resulted in asset price volatility since the February Report, and spreads on UK banks' wholesale funding rose. But this was short-lived, implying little impact on the interest rates facing households and companies. While pass-through into household sight deposit 9 rates has been muted, rates on term deposits and fixed-rate bonds have risen more in line with changes in reference rates. These changes are still working their way through the economy. For example, while we have seen higher rates being quoted on new mortgages, illustrated in Chart 9 by rates on new two-year 75% loan-to-value mortgages as well as the effective rates on new mortgage more generally (in red), the effective rates on the whole existing stock of mortgages are still catching-up."
BoE_202305_opening,20230511,opening,Governor,governor,0,opening,3,BoE_202305_opening_3,86,96,10,"Given such lags in the transmission of monetary policy, the rise in Bank Rate since December 2021 will weigh more on the economy in the coming quarters. The monetary policy decision Let me conclude with today's decision. At this meeting, the Committee has voted to increase Bank Rate by 0.25 percentage points, to 4.5%. In doing so the MPC is continuing to address the risk of more persistent strength in domestic price and wage setting, as represented by the upward skew in the projected distribution for CPI inflation. The pace at which inflationary pressures ease will depend on the evolution of the economy, including the impact of the significant increases in Bank Rate so far. Uncertainties around the global financial and economic outlook remain elevated. The MPC will continue to monitor closely indications of persistent inflationary pressures, including the tightness of labour market conditions and the behaviour of wage growth and services price inflation. If there were to be evidence of more persistent pressures, then further tightening in monetary policy would be required. 10 The MPC will adjust Bank Rate as necessary to return inflation to target sustainably in the medium term, in line with its remit. With that, Ben, Dave and I will be happy to take your questions."
BoE_202305_transcript,20230511,transcript,Andrew Bailey,governor,1,opening,0,BoE_202305_transcript_0,1,15,15,"The backdrop to this is that the shocks that have been hitting the UK economy, and of course, the global economy actually as well, we must look at it through that lens, as well, have been much larger. So, we've set these shocks out, and, of course, I referred to a lot of them in my opening remarks. The largest one of which is the impact of the terrible war in Ukraine, on both energy and food prices, no question about that. And, of course, the test of this regime is how we deal with them, and how we return inflation back to target. Now, I think you can look at that through two lenses, one is what is causing the shocks, the second is how are those shocks anticipated, and then, how do we deal with them, in terms of returning inflation to target? Because that is the objective of the regime, obviously, that we have sustainable inflation over the medium-term, for sustainably low at-target inflation. That is what we're doing, we have to adjust from meeting to meeting, as we see news. And I'll pick on one piece of news that you mentioned, I think the point on food prices, let me just come to that. There is a very big underlying shock in food prices, and I showed the chart which showed the same thing is going on in Europe, as a whole. Now, I think the news that we've had is not about persistence, in the sense of long-run persistence, it's the question of over what time this shock works its way through the system, if you like, and how quickly we expect that to dissipate. Now, what we're hearing, and as I said, I hear it round the country, which I've been doing a lot since we were last year, is an expectation that we will see a reduction in food inflation, indeed we're already seeing some of that beginning. But it is taking longer, and the reasons I hear that it is taking longer are sometimes to do with the impact of energy prices in food production, sometimes to do with hedging approaches that have been used at the commodity price level. So, although, as I said, commodity prices started to fall last year, it's taking longer to come through. Now, I'm happy to, sort of, in a sense, debate, 'Well how much of that is predictable, and how much of that is emerging?' But those are the things we have to deal with, and yes, we do revise our views, as we see new evidence, I think that's appropriate."
BoE_202308_opening,20230803,opening,Governor,governor,0,opening,0,BoE_202308_opening_0,0,46,39,"MONETARY POLICY REPORT PRESS CONFERENCE Thursday 3 August 2023 Opening Remarks by Andrew Bailey, Governor Today's monetary policy decision Consumer price inflation fell further to 7.9% in June. And inflation will continue to fall over the coming months. Our job is to make absolutely sure that inflation falls all the way back to the 2% target and stays low. So today we have increased Bank Rate by 0.25 percentage points, to 5.25%. Low and stable inflation is the foundation of a healthy economy. The projection we present today is very much in two parts. I will begin with the first part - the near-term outlook for inflation over the remainder of this year - before turning to the second - the medium-term outlook and the implications for monetary policy. The near-term outlook for inflation Chart 1 shows the evolution of consumer price inflation - and its components - since 2018. It shows how inflation has come off its October peak. It continues to fall over the rest of this year in our near-term projection, shown in the shaded area. This fall can be attributed in large part to a falling contribution from energy. Fuel prices have declined, and electricity and gas prices have stabilised, albeit at a higher level. The dark orange bars show how the contribution from energy prices is falling and turning negative in the coming months. Given Ofgem's price cap on electricity and gas bills - and the way it slows down the passthrough of wholesale energy prices to consumer bills - we expect inflation to take a further step down in July's data published in two weeks' time, to around 7%, followed by another larger step down in October's data, to around 5%. This more gradual passthrough also substantially helps to explain the difference between current headline inflation in the United Kingdom and the euro area, where wholesale energy prices feed more directly through to consumer prices. Where there is more uncertainty is around the time it will take the other non-energy components of the consumer price inflation to come down as well. Price inflation for food and non-alcoholic beverages has been very high. But it does appear to have peaked, and as you can see in Chart 2, there are signs in the monthly figures that it has started to ease. Evidence collected by the Bank's regional Agents suggests that a moderation in food input prices is being passed through the supply chain to consumer prices. So we expect food price inflation to come down gradually over the rest of the year. The contribution from food price inflation falls accordingly in our near-term projection, from about 2 percentage points today to about 1¼ percentage points towards the end of the year. It is taking time for the fall in energy prices to work through the supply chain, and the prices of imported goods have continued to rise despite a fall in world export prices. That is why, in our central projection, we expect core goods price inflation to come down only gradually. But let me be clear, we do expect goods price inflation to ease over the rest of the year, and there are indicators that suggest it could happen faster than in our projection. As you can see in Chart 3, output producer price inflation, which measures the change in the price of goods sold by UK manufacturers, has been slowing significantly since its peak in mid-2022, as indicated by the orange line. That should help to reduce non-energy consumer goods price inflation, shown here in blue, as cost pressures ease in the supply chain. As the Chart shows, that has been the case when producer price inflation have fallen in the past. The final component of inflation is services prices, which is now contributing more to inflation than energy or goods. As you can see in Chart 4, service price inflation was 7.2% in June, higher than we projected in May, and it remains high in our near-term projection for the rest of the year. The upside surprise was primarily driven by some of the more volatile sub- components of services price inflation, such as airfares and package holidays - and also Vehicle Excise Duty, which is unrelated to the balance of demand and supply in the economy. We should not read too much into this surprise for this reason. Nevertheless, since other sub-components of services price inflation are closely linked to underlying cost pressures in the UK economy, continued strength in services price inflation may suggest that high inflation could persist for longer. The medium-term outlook for inflation So let me turn to the second part of the story - the medium-term outlook. Over the medium term, of course, monetary policy has to ensure that inflation returns to target in a timely manner. That is why the Monetary Policy Committee is watching services price inflation very carefully, along with other indicators of inflation persistence. Economic activity has shown some unexpected resilience over recent quarters. But the increases in Bank Rate we have implemented weigh to an increasing degree on UK economic activity. As we look into 2024, GDP growth is projected to be weaker than expected in the May Monetary Policy Report. And the balance of demand and supply is shifting in our projection."
BoE_202308_opening,20230803,opening,Governor,governor,0,opening,1,BoE_202308_opening_1,47,56,10,"An increasing degree of economic slack is emerging after the middle of next year. This will help to reduce inflationary pressures in the UK economy. As the Chart 5 illustrates, in the MPC's projection for consumer price inflation, which is conditional on the market path for interest rates, inflation is more likely to end the forecast period below the 2% target than above it, if only slightly. In the modal - or 'most likely' - case, inflation is 1.7% in two years' time and 1.5% in the third quarter of 2026. The Committee continues to judge, however, that risks around that central case are skewed towards higher inflation. Adjusting the modal projection for the balance of risks, the mean - or 'expected' - path for inflation is close to, albeit just below, the 2% towards the end of the forecast period. The projection for inflation is broadly similar on the alternative assumption of a constant level of Bank Rate at 5.25% throughout the forecast period, as discussed in the Monetary Policy Report. This illustrates that different paths for Bank Rate can secure a return of inflation to target. The market curve is higher than the current level of Bank Rate in the coming quarters but then falls below it further out, averaging just under 5½% over the next three years. A lot will depend on what happens in the labour market, and to pay."
BoE_202308_opening,20230803,opening,Governor,governor,0,opening,2,BoE_202308_opening_2,58,70,12,"The unemployment rate rose slightly to 4.0% in the three months to May, and the ratio of vacancies to the number of unemployed job seekers - the so-called v/u ratio, an important measure of labour market tightness - has continued to ease, as shown in Chart 6. The v/u ratio is still significantly higher than before the pandemic. Annual private sector regular pay growth increased further, to 7.7% in the three months to May. This is materially above expectations in May's Monetary Policy Report, and it is notably stronger than standard models of wage growth based on productivity, short-term inflation expectations and tightness in the labour market would have predicted. Chart 7 shows a swathe illustrating the range of forecasts from a suite of such wage models maintained by Bank staff, along with the MPC's projection for private-sector regular wage growth. In the MPC's projection, which reflects the MPC's best collective judgment, wage growth is expected to ease more slowly than these models would predict. In a nutshell, the empirical models illustrate what might happen if wage setting will be based on inflation expectations that take account of the downward path of inflation over the near term. But we do not have enough evidence at present to be sure that wages will be set in this way. In the MPC's judgement, upside surprises on wage inflation suggest that it will take longer for second-round effects to go away than it did for them to appear in response to the sharp rises in the prices of many imported goods over 2021-22. Interacting with a tight labour market, that is expected to have resulted in greater persistence in wage inflation, and with it in the cost pressures that determine price setting in the UK economy. This difference between empirical model outputs and the Committee's best collective judgement - which is very clear in the Chart I just showed you - is one illustration of the importance of reflecting on how our processes should adapt in a world in which we increasingly face significant uncertainty. I am delighted that Ben Bernanke has agreed to lead a review into the Bank's forecasting and related processes."
BoE_202308_opening,20230803,opening,Governor,governor,0,opening,3,BoE_202308_opening_3,71,87,17,"Dr Bernanke is a renowned and award-winning economist whose distinguished career makes him the ideal person to lead this review. The policy decision I will conclude with today's policy decision. The news to wages and its implications for inflation persistence should be seen within the context of the overall data news since June. As we approached the June meeting, data outturns were strong across indicators of inflation persistence, including service price inflation and employment as well as wages. The MPC responded to this evidence of more persistent inflation pressure by increasing Bank Rate by 0.5 percentage points at the June meeting. Since then, while pay growth has come in stronger than expected, other data news has been more mixed in terms of its implications for the persistence of inflationary pressures and thus the outlook for inflation over the medium term. That is why the MPC has voted to increase Bank Rate by 0.25 percentage points today. Given the significant increase in Bank Rate since the start of this tightening cycle, the stance of monetary policy is restrictive. The evidence is now clear that it is having an impact. To return inflation to target, policy needs to continue to be restrictive. Today we have taken a decision consistent with that, which will help to return inflation to target. I am not going to judge what the path of rates will be, not least because - as our Report indicates - more than one path may deliver inflation back to target sustainably. We will judge what is the most appropriate based on the evidence. The MPC will continue to monitor closely indications of persistent inflationary pressures and resilience in the economy as a whole, including the tightness of labour market conditions and the behaviour of wage growth and services price inflation. If there were to be evidence of more persistent pressures, then further tightening in monetary policy would be required. The MPC will ensure that Bank Rate is sufficiently restrictive for sufficiently long to return inflation to the 2% target sustainably in the medium term, in line with its remit. With that, Ben, Dave and I will be happy to take your questions."
BoE_202308_transcript,20230803,transcript,Andrew Bailey,governor,1,opening,0,BoE_202308_transcript_0,0,9,8,"Well, let me start, I'm sure Ben will want to come in. It's worth starting, I think, with the market curve because of course the market curve does have a fall in interest rates but it goes higher before that happens, and I made the point in the opening remarks about what that delivers as an average rate over time. Now, there are many potential paths but we've also shown, as we always do, but I would draw attention to it, what happens if you do the constant rate? It is another potential path and that delivers, again, a return to target. So the point I would make is we have to balance the risks here. There are inflation risks certainly on the upside which we've reflected in the mean projection. I would highlight, Ben may want to come on to this point, that relative to May more of the risk we saw in May we think has crystallised and is in the modal projection but we still have a mean projection, it's just a smaller mean projection than we had in May. But we're also of course conscious that, the projection for activity has weakened because the curve is higher than it was in May, and we will have to bear those, you know, that path and that risk in mind as well."
BoE_202311_opening,20231102,opening,Governor,governor,0,opening,0,BoE_202311_opening_0,0,35,32,"MONETARY POLICY REPORT PRESS CONFERENCE Thursday 2 November 2023 Opening Remarks by Andrew Bailey, Governor Today's monetary policy decision Inflation is falling. And we expect it to keep falling this year and next. Our increases in interest rates are working to bring inflation back to the 2% target. So today we have voted to maintain Bank Rate at 5.25%. Let me be clear, there is absolutely no room for complacency. We will keep interest rates high enough for long enough to make sure we get inflation all the way back to the 2% target. We will be watching closely to see if further increases in interest rates are needed. But even if they are not, it is much too early to be thinking about rate cuts. Let me first talk about inflation over the coming months. Then I will turn to the outlook for the economy and inflation further ahead and what it means for monetary policy. The near-term outlook for inflation Chart 1, from today's Report, shows consumer price inflation and its components since 2019. It shows how inflation has continued to fall since our previous Report in August. Chart 1: Consumer price inflation has fallen and is projected to fall further Contributions to consumer price inflation Sources: Bloomberg Finance L.P., Department for Energy Security and Net Zero, ONS and Bank calculation Much as we expected, inflation took a step down in the data for July published two weeks after the August Report. As you can see in our near-term projection, shown in the shaded area, we expect inflation to take another - larger - step down in October's data when it is published in two weeks' time. From 6.7% in September, we think it will probably fall to just below 5%. We then expect it to remain around that level for the rest of year. The dark orange bars show that this fall is driven in large part by energy prices. But gradually falling inflation for food and other goods will help too - as shown by the narrowing purple and blue bars. Ofgem's price cap means that we can be confident about the contribution from household energy bills to lower inflation over the coming months. There are upside risks to inflation from energy prices following the tragic events in the Middle East. And there remains uncertainty about the time it will take other non-energy components of inflation to come down as well. Chart 2 shows the evolution of our near-term inflation projections and compares them with the outturns in the data. The 'stalks' are our near-term forecasts from successive Monetary Policy Reports - in different colours from November last year. As you can see, the data have come in broadly in line with our near-term projections over the past year. But in the past few months, inflation outturns have come in somewhat lower than we had expected. And we now project inflation to be a little lower over the remainder of this year than we did in August. Most of the downside news since August reflects lower core goods price inflation. And food inflation has also come down a little faster than we expected. Chart 2: Headline inflation has been broadly in line with forecasts this year Projections from successive Monetary Policy Reports and data outturns Sources: ONS and Bank calculation While services inflation is also slightly lower than we expected in August, it remains elevated, and it now contributes more to overall inflation than the prices of energy, food and other goods. It is important that services inflation falls steadily over next year. To achieve that, we need to see an easing of underlying cost pressures in the UK economy. The medium-term outlook That brings me to the medium-term outlook."
BoE_202311_opening,20231102,opening,Governor,governor,0,opening,1,BoE_202311_opening_1,36,50,14,"In the face of the series of significant economic shocks that have hit us in recent years, overall demand in the economy has proved resilient, supported by a very tight labour market. But there are increasing signs that higher interest rates are weighing on economic activity. We see that in weaker official activity data and in a range of business surveys. As we describe in some detail in today's Report, the Monetary Policy Committee always takes a collective steer from a wide range of indicators to inform its view of labour market developments. And the overall message from these indicators is that - while it remains tight in an historical context - the labour market has loosened, and by a little more than projected in August. Chart 3 shows how most indicators of employment growth are easing. This includes the Purchasing Managers Index for composite employment intentions (in light blue) and the permanent staff placement index (in dark orange). But this last series can be volatile, and there are Chart 3: Most indicators of employment growth are softening Indicators of three-month on three -month employment growth Sources: Bank Agents, HMRC, KPMG/REC/S&P Global UK Report on Jobs, Lloyds Business Barometer, ONS, S&P Global/CIPS and Bank calc. increased uncertainties around it following the suspension of the Labour Force Survey by the ONS. To inform the MPC's assessment, Bank staff feed all of these indicators into a model to estimate a measure of underlying employment growth. This is a long-standing practice, but the challenges with the official data reaffirm the importance of taking such steers from a wide range of data sources. The model-based estimate is shown in Chart 4 , along with the official data . As you can see, the estimated measure for employment growth has gradually slowed since 2021, cutting through the volatility in the official data. The indicator-based model suggests that employment will be broadly flat over the second half of this year."
BoE_202311_opening,20231102,opening,Governor,governor,0,opening,2,BoE_202311_opening_2,51,64,13,"There are other signs that the labour market is loosening. The number of vacancies has fallen and unemployment has ticked up. Despite the softening in the labour market, nominal wage growth remains much higher than would be consistent with the inflation target, if sustained at these rates. The ONS measure of annual growth in regular average weekly earnings in the private sector was 8.0% in August, higher than expected. This continued strength in wage growth has persuaded the MPC to raise slightly its assessment of the 'medium-term equilibrium rate of unemployment' and also its estimate of persistence in wage and price inflation. In effect, the MPC judges that the weakening in the labour market has been driven in part by a lower supply of labour and not just demand. This would help to explain the continued strength in pay growth even as employment growth has eased. Chart 4: An indicator-based model points to flat employment in 2023 Q4 Measures of quarterly employment growth Sources: Bank ofEngland,HMRC, KPMG/REC/S&P Global UK Report on Jobs, Lloyds Business Barometer, ONS, and S&P Global/CIPS While all measures of current pay growth remain elevated, the recent pick-up in the official measure of private sector wages has not been matched by other indicators. The Bank's Decision Maker Panel , HMRC payroll data (in dark orange), and the Indeed Wage Tracker all point to wage growth closer to 7%, below the official data . The Bank's Agents continue to report that average annual pay settlements have been in the region of 6 to 6.5%. That is why, when assessing the evidence of inflation persistence, the MPC will continue to monitor all available data on pay growth very carefully. Weaker demand and a softer labour market are signs that monetary policy is restrictive. The effects of higher interest rates continue to weigh on economic activity throughout the forecast we have presented today."
BoE_202311_opening,20231102,opening,Governor,governor,0,opening,3,BoE_202311_opening_3,65,87,20,"Chart 6 shows the MPC's projection for growth in the UK economy, conditional on market interest rates. Growth then recovers over the second half of the forecast period. It remains below historical averages, however, reflecting both restrictive monetary policy and subdued potential supply growth. Chart 5: Private sector regular pay growth is higher than other indicators Measures of annual private sector wage growth Sources:Bank of England, Indeed, ONS and Bank calculations On balance, the margin of excess demand has diminished over recent quarters, and we expect an increasing degree of economic slack to emerge from the start of next year. This will help to reduce inflation pressures in the UK economy, alongside declining external cost pressures. In the MPC's central projection, which is conditional on the market path for interest rates, inflation is more likely to end the forecast below the 2% target than above it, albeit only slightly. In the modal - or 'most likely' - case, inflation is 1.9% in two years' time and ends the forecast at 1.5% in the fourth quarter of 2026. The Committee continues to judge, Chart 6: GDP growth projection Based on market interest rate expectations Sources: ONS and Bank calculations Chart 7: CPI inflation projection Based on market interest rate expectations Sources: ONS and Bank calculations however, that risks around that central case are skewed towards higher inflation. Adjusting the modal projection for the balance of risk, the mean - or 'expected' - path for inflation is just above the 2% target in two years' time and just below it towards the end of the three-year forecast period. The MPC's alternative projection, conditioned on a constant level of Bank Rate at 5.25% over the forecast period, has CPI inflation somewhat lower than the projection conditioned on the market path, especially toward the end of the forecast period. In the mean forecast, inflation is expected to be right at the 2% target in two years' time, rather than slightly above it, and fall to 1.6%, rather than 1.9%, at the end of the forecast period. This is because the market path begins to decline gradually from the current level of Bank Rate towards the end of next year so that the constant-rate path is above the market path in the final two years of the forecast. Monetary policy is currently restrictive in the sense that, if we maintain this stance for long enough, we will squeeze inflation out of the system. This also means being on watch for further signs of inflation persistence that may require interest rates to rise again. But we should not keep monetary policy restrictive for excessively long. We have to be mindful of the balance of risks between doing too little and doing too much. How long a restrictive stance will be needed will ultimately depend on what the incoming data tell us about the outlook for inflation over the medium term. The MPC's latest projections indicate that monetary policy is likely to need to be restrictive for quite some time yet. Returning inflation to the 2% target remains our absolute priority. With that, Ben, Dave and I will be happy to take your questions."
BoE_202311_transcript,20231102,transcript,Andrew Bailey,governor,1,opening,0,BoE_202311_transcript_0,1,10,7,"I must be very clear, our objective is price stability and price stability are defined as the inflation target. We don't set out to project growth one way or the other. You're right in your description of it, it is subdued. We see the evidence that Monetary Policy and the rate rise that we have done are now having an effect, they are restrictive, and we think that is coming through in the profile of growth. And just to remind, we are still at 6.7% in terms of inflation. We are determined to take it all the way back to target. So, that is what conditions our view of growth but Ben, did you want to come in?"
BoE_202402_opening,20240201,opening,Governor,governor,0,opening,0,BoE_202402_opening_0,0,56,44,"1 MONETARY POLICY REPORT PRESS CONFERENCE Thursday 1 February 2024 Opening remarks by Andrew Bailey, Governor Today's monetary policy decision We have had some good news over the past few months. Inflation has fallen a long way, from 10% a year ago to 4% now. But we have to be more confident that inflation will fall all the way back to the 2% target - and stay there. We are not yet at a point where we can lower interest rates. Any decision to change Bank Rate will depend on how the evidence evolves. We must get inflation back to the 2% target sustainably. The outlook for inflation As Chart 1 shows, we expect consumer price inflation to continue to fall over the coming months (in the shaded area). It may tick up slightly in January's number published in two weeks' time. This is because of so-called base effects from volatility in prices like airfares. But by the time we get to March, we think inflation will be around 3%. In April, May and June we expect inflation to be close to the 2% target before increasing somewhat over the second half of the year. Inflation is coming down primarily because the global inflationary shocks have been abating. The prices of traded goods and food are no longer pushing inflation up as they did (illustrated here by the blue and purple bars respectively). That pushes further down on headline inflation in the months ahead (as shown by the contributions from energy prices in the dark orange bars). When we raised interest rates, it was not to prevent these global shocks from happening - that would not work. It was to prevent second-round effects on domestic prices from taking hold. Our restrictive monetary policy stance is working to reduce domestic inflationary pressures. Services price inflation, which is closely linked to domestic costs, has started to ease and somewhat more than we had expected. But services price inflation tends to be persistent, and it remains elevated (illustrated in Chart 1 by the contributions in the yellow bars). 2 So it is not as simple as 'inflation returns to target in the spring and job done'. Futures prices for oil and gas suggest that we should not expect further big falls in energy prices. So looking further ahead, to the second half of year, the negative contributions from energy prices are likely to fade, absent any further shocks. In and of itself, that will push headline inflation back up somewhat. Chart 2 shows just how important this energy component is when we look across the whole year and into 2025. The blue line is our baseline projection for headline inflation over the next three years, conditional on a path for market interest rates implied by market yields. The red line is a projection for inflation excluding the energy price contributions (shown as purple bars). As the negative contributions from energy prices fade away over the second half of the year, headline inflation is set to go up again somewhat, to around 2¾% by the end of 2024. Inflation then remains around this level throughout 2025 before gradually returning to target in 2026. This means that inflation is above target for longer in this projection than in the November report. The projection is the modal - or 'most likely' - path for inflation, in the best collective judgement of the MPC, conditional on a set of assumptions about energy prices, the exchange rate, fiscal policy and market interest rates. So they include market pricing for expectations of future monetary policy decisions. 3 These conditioning paths have changed significantly since our previous projection from November. The Brent spot oil price has fallen by 16%, and European gas futures prices for 2024 have fallen by more than 30%. That pulls the inflation profile down in the near term. At the same time, the market-implied path for Bank Rate, on which the projection is conditioned, has fallen by almost 1 percentage point on average over the next three years. That pushes the profile for inflation up over the medium term. 4 As Chart 3 shows, the fall in the market path for interest rates has widened the gap between our baseline projection, which is conditional on that market path, and our alternative projection conditional on holding Bank Rate constant at its current level throughout the forecast horizon. In that alternative projection, inflation is projected to be around the 2% target through the first half of the forecast period before falling below target in the second half. In other words, if we were to keep Bank Rate at 5.25% for the next three years, we think it is likely that inflation would eventually fall significantly below target. But if we were to follow the market-rate conditioning path, we think inflation would be above target for much of the next three years. We have to keep monetary policy sufficiently restrictive for sufficiently long. What level of Bank Rate will be required to deliver it? The answers to those questions will ultimately depend on what the incoming data tell us about the outlook for the UK economy and inflation over the medium term - on whether we have enough evidence that policy is sufficiently restrictive to overcome persistence in inflation. Sadly, geopolitical risks have intensified following events in the Middle East."
BoE_202402_opening,20240201,opening,Governor,governor,0,opening,1,BoE_202402_opening_1,57,87,28,"There has so far been a limited impact on wholesale energy prices. But shipping volumes have fallen materially on Red Sea routes. And as Chart 4 shows, shipping costs have increased on routes from East Asia to the Mediterranean and Northern Europe (in light blue), albeit not to the levels seen during the pandemic. So far, these price increases have not spilled over to other routes such as from East Asia to East Coast America , and the impact on consumer prices has been limited. Chart 4 Shippin costs ha e increase on some routes Shipping costs on major shipping routes o c Refinitiv from SEG latest datapoint 1 01 24 5 But that could change if trade disruptions continue. This poses an upside risk to our inflation projection over the first half of the forecast period. The key forecast jud ements In its assessment of the medium-term outlook, the Monetary Policy Committee has been guided by three key forecast judgements. These judgements, and the risks around them, are described in detail in the Monetary Policy Report. The first key judgement is that GDP growth is expected to pick up gradually during the forecast period. But with the fall in market rates, and because a fall in import prices is boosting real incomes, we expect the economy to pick up a bit more speed. Bank staff estimate that around two thirds of the peak domestic impact of higher interest rates on the level of GDP has now come through. The second key judgement is that excess demand is turning into excess supply. While we expect potential supply growth to remain subdued, a modest pick-up in productivity and labour supply growth is sufficient for supply to outpace demand over the forecast period. The third key judgement is that second-round effects in domestic prices and wages will take longer to unwind than they did to emerge. This helps explain why inflation remains above the 2% target in our baseline projection despite the emergence of excess supply. In light of recent evidence, the MPC has slightly reduced the effect of this judgement on the degree of persistence in domestic prices in the forecast. But inflation remains above target in the projection also because the fall in market interest rates, on which it is conditioned, has reduced the degree of slack that builds in the economy over the forecast horizon. 6 Labour market In making these key judgements, evidence on labour market developments is important. The MPC considers the collective steer from a wide range of data to inform its view of labour market developments. But continued uncertainties around the official data are posing challenges. This is especially the case for the rate of unemployment, where we have fewer alternative indicators to draw on. Judging by the outlook for the economy, and consistent with our second key judgement, we expect unemployment to rise somewhat further, to around 5% by the end of the forecast period, a little above our estimate of the medium-term equilibrium rate. To inform our third key judgement, on inflation persistence, the MPC also monitors wage developments very carefully. And the official data are not affected by current issues with the ONS's abour Force Survey. Annual growth in regular private sector wages fell to 6.5% in the three months to November. That is around 1 percentage point lower than we expected in November. As Chart 5 shows, this has brought the headline wage measure in line with other indicators of annual pay growth. As Chart 6 shows, the MPC continues to judge that private sector wage growth will ease more slowly than the range of forecasts from our suite of models would predict - though the recent news implies that pay growth is slightly weaker than projected in November, reaching 3% by the end of the forecast period."
BoE_202402_opening,20240201,opening,Governor,governor,0,opening,2,BoE_202402_opening_2,88,102,10,"7 Combined with the news we have had on services inflation, this is consistent with our third key judgement that second-round effects on domestic prices will take longer to unwind than they did to emerge - if perhaps not quite as long as we previously thought. Monetary policy The Monetary Policy Committee remains prepared to adjust monetary policy as warranted by economic data. It is the evidence that will drive our decisions on interest rates. We will continue to monitor closely indications of persistent inflationary pressures. As we see the outlook for the economy and inflation today - based on the evidence we have had - we think it is most likely that this year's questions for the MPC are ""for how long should we keep Bank Rate at its current level?"" ""have inflationary pressures eased enough that we can begin to lower Bank Rate or not?"" Two members of the Committee voted to increase Bank Rate. The six members in the majority were of the view that Bank Rate should stay at 5.25% - that we still need to see more evidence. We will therefore keep under review for how long Bank Rate should be maintained at its current level. With that, Ben, Dave and I will be happy to take your questions."
BoE_202402_transcript,20240201,transcript,Andrew Bailey,governor,1,opening,0,BoE_202402_transcript_0,0,8,8,"Well, I'm sure Ben will want to come in on this, but I think the key thing to stress, Mehreen, is that what we look at is the level of the degree of persistence of inflation. So as I said earlier, you're right that inflation is now falling faster than we expected. And as I said, we do expect it to come near to target this spring. But we don't expect that to be to be the sustained level. It's as I said, it's going to rise again somewhat thereafter. And it's really that thereafter period that we are of most focused on when setting policy. We do have to look through the short run impact that energy prices in particular are having. And as I've emphasized, I'll emphasize again, what we need to see is the evidence that the more persistent elements of inflation, I'll point to services inflation there particularly, are going to ease back and allow that move of inflation back to target and for it to be sustained."
BoE_202405_opening,20240509,opening,Governor,governor,0,opening,0,BoE_202405_opening_0,0,35,32,"MONETARY POLICY REPORT PRESS CONFERENCE Thursday 9 May 2024 Opening remarks by Andrew Bailey, Governor Today's monetary policy decision Today, we have held Bank Rate at 5.25%. The big global shocks that caused inflation to rise have faded. And monetary policy is working to bring inflation back towards the 2% target. And we expect it to be close to the target in the coming months. But we are not yet at a point where we can cut Bank Rate. We will consider the forthcoming data releases as part of our assessment of for how long Bank Rate should be maintained at its current level to be sure that inflation will fall all the way back to the 2% target - and stay there. The outlook We have had relatively few UK data surprises since our previous Monetary Policy Report in February. Economic growth was weaker than we expected in the fourth quarter of last year. But we think the first quarter of this year has been a bit stronger, leaving the level of economic activity broadly as expected. Twelve-month consumer price inflation - shown here in Chart 1 - fell from 4.0% in December to 3.2% in March, its lowest rate since December 2021, 0.1 percentage points higher than we expected in February. The decline was spread across food, core goods and services. Energy prices have also continued to contribute negatively to the headline inflation rate. And as a lower Ofgem cap on household energy prices has come into effect in April, we expect headline inflation to drop further, to a level very close to target in the next few months. But we then expect it to edge up again in the second half of the year as the negative contributions from energy prices fade. This absence of data surprises is an indication that we are now getting back to more normal times - at least compared to the highly unusual period we have been living through with a global pandemic and a major war in Europe. Risks to the global economy remain, including from conflict in the Middle East. But so far economies have adjusted to withstand those risks. Global supply chains have held up, and energy prices have moderated. Chart 2 provides one illustration of how the outlook has become more predictable, at least in the near term. It shows the evolution of our six-month ahead inflation projections (the 'stalks') and compares it with the outturns in the data (the blue line). For some time now, inflation outturns have again come in close to the near-term projections. Turning to indicators of inflation persistence, the picture is much the same. Services price inflation and wage growth have both been a little higher than we expected in February. There will always be some ups and downs in the data, and the news we have had recently has been within the volatility we should expect in normal times. In summary on the data of late, there have been relatively few surprises, with a little more strength on inflation persistence than expected, though this is well within normal margins of variance. More data will help us to extract the signal from the noise and help us to judge whether or not we are on track to bring inflation back to the 2% target sustainably. And more data will help us assess if we are sufficiently confident in that process that we can start to withdraw some of the restrictiveness in the monetary policy stance. Before our next meeting in June, we will have two full sets of data - for inflation, activity and the labour market - that will help us in making that judgement afresh. But, let me be clear, a change in Bank Rate in June is neither ruled out nor a fait accompli. The key forecast judgements In our current assessment of the medium-term outlook, the Monetary Policy Committee has been guided by three Key Forecast Judgements. These judgements, and the risks around them, are described in detail in today's Report. The first key judgement is that GDP growth is expected to pick up during the forecast period, following modest weakness last year."
BoE_202405_opening,20240509,opening,Governor,governor,0,opening,1,BoE_202405_opening_1,36,78,37,"The second is that demand will gradually fall short of supply, leading to a margin of economic slack. The third is that second-round effects in domestic prices and wages will take longer to unwind than they did to emerge. Let me briefly address each of these key judgements in turn. First, on growth, we think that the stance of monetary policy will weigh less on economic growth over the next three years. We also expect economic growth to be supported by an increase in the population and by some pick-up in productivity. And the continued unwind of global shocks to energy and imported goods prices will boost real incomes. Second, on demand and supply, we think that the current balance between them will gradually turn into excess supply. Despite picking up during the forecast period, demand growth is expected to remain weaker than supply growth, in part reflecting the restrictive stance of monetary policy. This also means that we expect unemployment to rise somewhat over the next couple of years, but by less than we have been expecting previously. Third, on wages and prices, we think that headline consumer price inflation will edge up again in the second half of this year. The negative contributions from energy prices will fade while domestic inflation pressures are likely to persist for longer. That illustrates why we monitor indicators of domestic inflationary pressures very carefully. We have made two important adjustments to our inflation judgements. First, we now judge that a greater proportion of the effect of past increases in import prices has already passed through to consumer prices. This is not least because the rise in import prices was associated with acute shortages of many products. What this means is both that the past rise inflation is easier to explain and that external pressures are likely to be somewhat weaker over the first half of the forecast period. Second, it is now the MPC's best collective judgement that second-round effects on domestic prices and wages will fade slightly faster than we have previously assumed. There remains considerable uncertainty around this judgement, however, and I should note that MPC members hold a range of views about it. Second-round effects on wages and prices emerged at least in part in response to falling real incomes as households and businesses understandably sought to resist an erosion of their real income and profits. As Chart 3 shows, aggregate real income growth is about as strong now as at any point over the past decade. That is good news in itself, of course, and higher real incomes should also help such second-round inflationary pressures to ease. Chart 4 shows the MPC's modal, or most likely, projection for consumer price inflation, conditional on the market-implied path for Bank Rate. In this projection, inflation increases from around the 2% target in the second quarter of this year to around 2½% by the turn of the year, before falling back to 1.9% in two years' time and to 1.6% in three years. This projection reflects our view that we are making very good progress in returning inflation to the 2% target, that the restrictive monetary policy stance is working. In fact - conditional on the market-implied path for Bank Rate - the projection suggests that inflation could fall below the inflation target towards the end of the forecast period. Monetary policy So with the progress we have made, to make sure that inflation stays around the 2% target - that inflation will neither be too high nor too low - it is likely that we will need to cut Bank Rate over the coming quarters and make monetary policy somewhat less restrictive over the forecast period, possibly more so than currently priced in market rates. This would be consistent with ensuring that inflation does not fall noticeably below target at the end point of the forecast. It really depends on how the data evolve, and how that evolution affects our assessment that the risks from inflation persistence are receding. We have no preconceptions about how fast and how far we might cut Bank Rate. Instead, we will continue to look carefully for evidence that the outlook for inflation is consistent with the 2% target given the decisions we have already made. And we will reach a new decision on the appropriate level of Bank Rate, based on that evidence, at each meeting. Finally, this is Ben's last MPC Press Conference, though not his last meeting - that will be in June. In fact, today is his 40th press conference, his 52nd MPR (his first 12 were as an external committee member) and his one hundred and twenty seventh MPC meeting. But the numbers only tell a small part of the story. Ben, you have been an excellent colleague and we will miss you greatly. The fact the Jürgen Klopp has decided to step down just as your term expires is, I am told, entirely coincidental. With that, Dave, Ben and I will be happy to take your questions."
BoE_202405_transcript,20240509,transcript,Andrew Bailey,governor,1,opening,0,BoE_202405_transcript_0,1,16,9,"I chose my words, as you can imagine, quite carefully, in saying that it's not a fait accompli and it's not ruled out. If things come exactly as we forecast them, what follows from that? We added a sentence to the monetary policy statement in the last paragraph. And what that essentially says is that we will consider the data releases that are coming up. And I'll stress this point, how they inform the assessments of the risks, to inflation, persistence and whether our judgment that those risks are receding. So certainly speaking for myself, the data, we will obviously take the data, but even if the data are exactly in line with what we forecast, we will then have to reach a, you know, a broader judgment to say, does that mean that those risks are to inflation, persistence are receding. And how do we put that into the context of the view we've taken today. So that's I think the way I would frame it, I certainly want to be clear, you know, June is not a fait accompli. We are genuinely evidence based, but you have to put that evidence into context."
BoE_202408_opening,20240801,opening,Governor,governor,0,opening,0,BoE_202408_opening_0,0,30,25,"1 MONETARY POLICY REPORT PRESS CONFERENCE Thursday 1 August 2024 Opening remarks by Andrew Bailey, Governor Thanks, Katie. Let me start by welcoming Clare to her first press conference. Today, we have cut Bank Rate by 0.25 percentage points, to 5%. Inflation has been exactly on our 2% target for two consecutive months. And inflationary pressures in the UK economy have eased much as expected. At the same time, the UK economy has been stronger in recent months. But it adds to the risk that inflation could be higher than expected if we cut interest rates too much or too quickly. Despite easing, services price inflation and domestic inflationary pressures remain elevated. We need to put the period of high inflation firmly behind us. And we need to be careful not to cut rates too much or too quickly - all the while monitoring the evidence on how inflationary pressures are evolving. The best and most sustainable contribution monetary policy can make to growth and prosperity is to ensure low and stable inflation - and an economy where people can plan for the future with confidence and in which money holds its value. We have truly come a long way in returning inflation to target. Chart 1 shows the development of twelve-month consumer price inflation since 2019 . Over the past year alone, it has fallen from nearly 8% in June last year to 2% in the latest data for May and June. We expect consumer price inflation to edge up again in the second half of the year, perhaps to around 2¾% (as you can see in the shaded area). But we then expect inflation to revert towards the 2% target over the next year. Under the surface, the decline in the headline number has been driven by lower goods price inflation - as reflected in negative contributions from energy prices and fading contributions from food and other goods (in purple and blue). As the effects of lower energy prices fade over the coming months, more of the headline inflation number will be driven by services price inflation . So the stories behind the headline inflation numbers really only emerge as we dive deeper into price developments for goods and services. After sharp rises following the start of the war in Ukraine, household energy prices fell significantly in the second half of last year with large declines in Ofgem price caps. These declines are currently pulling down on the annual measure of inflation. In the latest number for June, household energy price inflation was -27%. With a weight of 4% in the consumer price index, that currently subtracts about a percentage point from headline inflation. As last year's declines drop out of the annual comparison over the rest of this year, this negative contribution from household energy prices will fade. That is the main reason why we expect headline inflation to edge up in the coming months."
BoE_202408_opening,20240801,opening,Governor,governor,0,opening,1,BoE_202408_opening_1,31,62,30,"As Chart 2 shows, core goods price inflation has also fallen sharply over the past two years , and we expect it to remain muted in coming months (in the shaded area). These are goods traded in international markets, and with supply chains restoring themselves with signs of deflation emerging in some key supplier countries, most notably China, global goods price inflation should help keep goods price inflation low for UK consumers. The continued strength in services inflation reflects more persistent inflationary pressures in the UK economy. So-called base effects from irregular falls in volatile components last year may even cause services inflation to rise slightly in August before we can expect it to ease again throughout the rest of the year. While goods price inflation has been a little lower than we expected in May, services price inflation has been somewhat higher. 3 As Chart 3 shows, these surprises have come with an uptick in monthly services price inflation rates , which can be indicative of momentum in price increases over the very near term. However, much of that strength has been driven by an increase in the components of the services basket that are index-linked or regulated , often resulting in price rises in April. Monthly services price inflation excluding these components, along with other volatile components such as airfares and hotels, have been lower . This may be a better guide to the direction for services inflation over coming months. The Monetary Policy Committee continues to pay close attention to services inflation as an indicator of persistence in domestic inflationary pressures, along with a range of other economic indicators. This does not, however, mean that we should adjust our course with every data surprise that comes in. What matters for our policy decisions is the accumulation of evidence about the medium-term outlook for inflation: what the data add to our understanding of the underlying dynamics in the UK economy that ultimately determine the future path for consumer price inflation. And given the time it takes for monetary policy to have its full effect, we need to be forward-looking in determining how restrictive monetary policy should be to return inflation sustainably to the 2% target. A further factor in the MPC's assessment is the recent strength in economic activity. GDP growth has been noticeably stronger than expected over the first half of this year, following a period of weakness in the second half of last year. The Committee sees it as most likely that underlying momentum has remained more steady, and that the balance between demand and supply has remained stable. This judgement is supported by various indicators which suggest that capacity utilisation and labour market tightness has moved by much less than the GDP numbers. The job of monetary policy is to squeeze the persistent element of inflation out of the system in a way that is consistent with returning inflation to target on a timely and sustained basis. That is what we did by increasing Bank Rate to 5.25% and keeping it at that level for a year. That has leaned heavily against second-round effects from global inflationary shocks on domestic inflation persistence. But we still face the question of whether the persistent element of inflation is on course to decline to a level consistent with inflation being on target on a sustained basis and what it will take to make that happen. Is the decline of persistence now almost baked in as the global shocks that drove up inflation unwind; or will it also require a period with economic slack in the UK economy; or are we experiencing a more permanent change to wage and price setting which would require monetary policy to remain tighter for longer? These have become important questions in the MPC's policy deliberations. As policymakers, we can have all three cases in our expectations, with different weights attached - weights that can change over time. The Committee's collective modal - or 'most likely' - projection of the UK economy is consistent with a relatively benign view of inflation persistence and what it takes from here to squeeze it out of the system and return inflation sustainably to target. As Chart 4 shows, in this 'most likely' projection - conditional on a market-implied path for Bank Rate that declines to 3.5% over the three-year forecast horizon - consumer price inflation falls back to 1.7% in two years' time and to 1.5% in three years. 5 In this projection, second-round effects in domestic prices and wages are judged to take longer to unwind than they did to emerge, leading to some persistence in inflationary pressures. But against that, a margin of economic slack gradually builds over the forecast horizon despite the recent pick-up in economic growth. As such, the 'most likely' projection encompasses the first two, relatively benign, cases I just described. So the modal projection reflects the Committee's collective judgement that we are making good progress in returning inflation to the 2% target sustainably."
BoE_202408_opening,20240801,opening,Governor,governor,0,opening,2,BoE_202408_opening_2,63,81,19,"The progress has become clearly visible in measures of both inflation perceptions and inflation expectations. These are important determinants of consumer price inflation given the role they play in wage and price setting in the economy. We should expect that perceptions of current inflation and expectations of future inflation will play into wage bargaining and price setting. Chart 5 gives a snapshot, based on the Bank's Inflation Attitudes Survey of UK households and its Decision Maker Panel survey of UK businesses. Short-term household inflation expectations (in purple on the left-hand panel) have continued to fall alongside the observed decline in consumer price inflation, while medium-term expectations remain stable. Households' perceptions of the current rate of inflation remain elevated , but they have fallen sharply and tend to react to headline inflation with a lag. Similarly, firms' current inflation perceptions and inflation expectations over the short and medium term have also fallen significantly (right-hand panel). 6 All of this points to a continuing normalisation of wage and price-setting dynamics - that the fall in headline inflation will feed through to inflation expectations and to weaker pay and price-setting dynamics. So even if we judge that second-round effects will take longer to unwind than they did to emerge, the evidence from these indicators is consistent with the view that second-round effects will continue to fade with the restrictive monetary policy stance we have put in place and the emergence of a margin of slack in the economy. There is, however, an alternative account of the economy which is less benign than our 'most likely' projection. And this account reflects a view that MPC members put some weight on too, albeit to different degrees, when reaching their conclusions on the appropriate degree of restrictiveness in monetary policy. This view is that the economy is closer to the third, least benign, case I set out earlier - that inflationary pressures have become more engrained in the UK economy as a result of structural changes in product and labour markets - as a lasting legacy of the major shocks we have experienced. One possibility that the Committee has considered is that the rate of unemployment below which inflationary pressures begin to build may have gone up over recent years. There is also a risk that the recent upside news to economic activity could reflect stronger demand relative to supply, in turn increasing inflationary pressures in the UK economy over the medium term. We can think of the alternative view as a prototype economic scenario of the kind that Ben Bernanke has recommended in his recent review of our processes in times of high uncertainty. As we develop our response to Dr Bernanke's recommendations, we will be in a position to articulate fully such scenarios. In the Report we present today, giving some weight to an alternative, less benign, view of 7 inflation persistence is reflected in an upside risk, or 'skew', to our inflation forecast. The mean path for inflation is higher than the modal, or 'most likely', path as a result. Whether we think of the possibility of less benign developments in inflationary pressures as an alternative scenario or as an upside risk, the message remains the same."
BoE_202408_opening,20240801,opening,Governor,governor,0,opening,3,BoE_202408_opening_3,82,91,9,"We need to make sure that monetary policy is sufficiently restrictive for sufficiently long that inflation remains near the 2% target. Weighing the evidence at this meeting, the Monetary Policy Committee voted to cut Bank Rate by 0.25 percentage points, to 5%. CPI inflation has fallen markedly over the past year back to the 2% target. The impact from past external shocks has abated and the risks of persistently high inflation have moderated. So it is now appropriate to reduce the degree of restrictiveness a little to ensure that inflation remains sustainably around the 2% target. However, key indicators of inflationary pressures remain elevated and recent strength in economic activity has added to the risk of more persistent inflationary pressures. Monetary policy will need to remain restrictive for sufficiently long until the risks to inflation remaining sustainably around the 2% target in the medium term have dissipated further. The Committee continues to remain highly alert to the risks of inflation persistence and will decide the appropriate degree of monetary policy restrictiveness at each meeting. And with that, Clare, Dave and I will be happy to take your questions."
BoE_202408_transcript,20240801,transcript,Andrew Bailey,governor,1,opening,0,BoE_202408_transcript_0,1,37,32,"And can I start by welcoming Claire to her first MPL press conference? So today we've cut Bank Rate by 0.25 percentage points to 5%. Inflation has been exactly on our 2% target for two consecutive months. And inflationary pressures in the UK economy have eased much as expected. It's nice to have music when I said that thanks, but this is very welcome news as the as the music suggested. Now at the same time, the UK economy has been stronger in recent months, and this is very welcome too. But it does add to the risk that inflation could be higher than we expected if we cut interest rates too much or too quickly. And despite easing services, price inflation and domestic inflationary pressures do remain elevated. So, we need to make sure that inflation stays low. We need to put the period of high inflation firmly behind us. And we need to be careful not to cut rates too much or too quickly, all the while monitoring the evidence on how inflationary pressures are evolving. And the best and most sustainable contribution that monetary policy can make to growth and prosperity is to ensure low and stable inflation, and an economy where people can plan for the future with confidence and in which money holds its value. And we have truly come a long way in returning inflation to target. Chart one, which just come up shows the development of 12-month consumer price inflation since 2019. Inflation has fallen significantly from its peak over the past year alone. It's fallen from nearly 8% in June last year to 2% in the latest data for May and June, and we expect consumer and price inflation to edge up again in the second half of the year, perhaps to around 2.75%. You can see that in the shaded area, but we then expect inflation to revert towards the 2% target over the next year. Now, under the surface, the decline in the headline number has been driven by lower goods price inflation as reflected in negative contributions from energy prices. That's the orange bars and fading contributions from food and other goods that's purple and blue on the chart. As the effects of lower energy prices fade over the coming months, more of the headline inflation number will be driven by services price inflation. So, the stories behind the headline inflation numbers really only emerge as we dive deeper into price developments for goods and for services. After sharp rises following the start of the war in Ukraine, household energy prices fell significantly in the second half of last year, with large declines in the Ofgem price caps. These declines are currently pulling down on the annual measure of inflation. In the latest number for June, household energy price inflation was -27%. With a weight of 4% in the consumer price index, that currently subtracts about a percentage point from headline inflation. Now, as last year's declines drop out of the annual comparison over the rest of this year, this negative contribution from household energy prices will fade, and that's the main reason why we expect headline inflation to edge up in the coming months. As chart two shows, core goods price inflation has also fallen sharply over the past two years. That's the orange line and we expect it to remain muted in the coming months. These are goods traded in international markets and with supply chains restoring themselves and signs of deflation. Deflation emerging in some key supplier countries, most notably China. Global goods price inflation should help keep goods price inflation low for UK consumers. By comparison, services price inflation that's the blue line is declining more gradually."
BoE_202408_transcript,20240801,transcript,Andrew Bailey,governor,1,opening,1,BoE_202408_transcript_1,38,71,33,"The continued strength in services inflation reflects more persistent inflationary pressures in the UK economy. So-called base effects from irregular falls in volatile components last year may even cause services inflation to rise slightly in August, before we can expect it to ease again throughout the rest of the year. While goods price inflation has been a little lower than we expected in May, services price inflation has been somewhat higher. These surprises have come with an uptick in monthly services price inflation rates, as are in orange, which can be indicative of momentum in price increases over the very near term. Now, much of that strength has been driven by an increase in the components of the services basket that are index linked or regulated. That's in blue, often resulting in price rises in the month of April. Monthly services price inflation, excluding these components, along with other volatile components such as airfares and hotels have been lower. That's the Purple line, and this may be a better guide to the direction for services inflation over coming months, but we need to watch this carefully. The Monetary Policy Committee continues to pay close attention to services inflation as an indicator of persistence in domestic inflationary pressures, along with a range of other economic indicators. But this does not mean that we should adjust our course with every data surprise that comes in. What matters for our policy decisions in the is the accumulation of evidence about the medium-term outlook for inflation. What the data adds to our understanding of the underlying dynamics in the UK economy that ultimately determine the future path for consumer price inflation. And given the time it takes for monetary policy to have its full effect, we need to be forward looking in determining how restrictive monetary policy should be to return inflation sustainably to the 2% target. A further factor in the MPC's assessment is the recent strength in economic activity. GDP growth has been noticeably stronger than expected over the first half of this year, following a period of weakness in the second half of last year. The committee sees it as most likely that underlying momentum has remained more steady and that the balance between demand and supply has remained stable. This judgment is supported by various indicators, which suggests that capacity utilisation and labour market tightness have moved by much less than the GDP numbers. The job of monetary policy is to squeeze the persistent element of inflation out of the system in a way that is consistent with returning inflation to target on a timely and sustained basis. That's what we did by increasing Bank Rate to 5.25% and keeping it at that level for a year. That has leaned heavily against second round effects from global inflationary shocks on domestic inflation persistence. But we still face the question of whether the persistence element of inflation is on course to decline to a level consistent with inflation being on target on a sustained basis. And what it will take to make that happen is the decline of persistence, now almost baked in as the global shocks that drove up inflation unwind. Or will it also require a period with economic slack in the UK economy? Or are we experiencing a more permanent change to wage and price settng, which would require monetary policy to remain tighter for longer? These have become important questions in the MPC's policy deliberations. As policymakers, we can have all three cases in our expectations with different weights attached to them, and those weights can change over time. The committees collective, modal or most likely projection of the UK economy is consistent with a relatively benign view of inflation persistence and what it takes from here to squeeze it out of the system and return inflation sustainably to target. As chart four shows in the in this most likely projection, conditional on a market implied path of Bank Rate that declines to 3.5% over the three year forecast horizon. Consumer price inflation falls back to 1.7% in two years' time, and to 1.5% in three years. In this projection, second round effects and domestic prices and wages are judged to take longer to unwind than they did to emerge, leading to some persistence in inflationary pressures. But against that, a margin of economic slack gradually builds over the forecast horizon, despite the recent pickup in economic growth. As such, the most likely projection encompasses the first two relatively benign cases that I just described. So the modal projection reflects the committee's collective judgment that we are making good progress in returning inflation to the 2% target sustainably."
BoE_202408_transcript,20240801,transcript,Andrew Bailey,governor,1,opening,2,BoE_202408_transcript_2,72,81,9,"The progress has become clearly visible in measures of both inflation perceptions and inflation expectations. These are important determinants of consumer price inflation, given the role they play in wage and price settng in the economy. We should expect that perceptions of current inflation and expectations of future inflation will play into wage bargaining and price settng. Chart five gives a snapshot based on the Bank's Inflation Atttudes Survey of UK households and its Decision Maker Panel survey of UK businesses. Short term household inflation expectations in purple on the left-hand panel have continued to fall alongside the observed decline in consumer price inflation, while medium term expectations in orange remain stable. Household's perceptions of the current rate of inflation remain elevated. That's the blue line, but they have fallen sharply and tend to react to headline inflation with a lag. Similarly, firms' current inflation perceptions and inflation expectations over the short and medium term have also fallen significantly. All of this points to a continuing normalisation of wage and price settng dynamics that the fall in headline inflation will feed through to inflation expectations and to weaker pay, wage pay and price settng dynamics."
BoE_202408_transcript,20240801,transcript,Andrew Bailey,governor,1,opening,3,BoE_202408_transcript_3,82,91,10,"So even if we judge that second-round effects will take longer to unwind than they did to emerge, the evidence from these indicators is consistent with the view that second round effects will continue to fade with the restrictive monetary policy stance that we have put in place, and the emergence of a margin of slack in the economy. There is, however, an alternative account of the economy, which is less benign than our most likely projection. And this account reflects a view that MPC members put some weight on to, albeit to different degrees, when reaching their conclusions on the appropriate degree of restrictiveness in monetary policy. This view is that the economy is closer to the third least benign case that I set out earlier, that inflationary pressures have become more ingrained in the UK economy as a result of structural changes in product and labour markets as a lasting legacy of the major shocks that we have experienced. One possibility that the committee has considered is that the rate of unemployment, below which inflationary pressures begin to build, may have gone up over recent years. There is also a risk that recent upside news to economic activity could reflect stronger demand relative to supply, in turn increasing inflationary pressures in the UK economy over the medium term. Now we can think of the alternative view as a prototype economic scenario of the kind that Ben Bernanke has recommended in his recent review of our processes, in times of high uncertainty. As we develop our response to Doctor Bernanke's recommendations, we will be in a position to articulate fully such scenarios in the report we present today, giving some weight to an alternative, less benign view of inflation persistence is reflected in an upside risk or skewed to our inflation forecast. The mean path for inflation is higher than the modal or most likely path as a result. Whether we think of the possibility of less benign developments and inflationary pressures as an alternative scenario or as an upside risk, the message is the same."
BoE_202408_transcript,20240801,transcript,Andrew Bailey,governor,1,opening,4,BoE_202408_transcript_4,92,101,9,"We need to make sure that monetary policy is sufficiently restrictive for sufficiently long that inflation remains near the 2% target. Now weighing the evidence at this meeting, the Monetary Policy Committee voted to cut Bank Rate by 0.25 percentage points to 5%. CPI inflation has fallen markedly over the past year back to the 2% target. The impact from past external shocks has abated and the risks of persistently high inflation have moderated. So, it's now appropriate to reduce the degree of restrictiveness a little to ensure that inflation remains sustainably around the 2% target. But key indicators of inflationary pressures remain elevated, and recent strength in economic activity is added to the risk of more persistent inflationary pressures. Monetary policy will need to remain restrictive for sufficiently long until the risks to inflation remaining sustainably around the 2% target in the medium term have dissipated further. The committee continues to remain highly alert to the risks of inflation persistence and will decide the appropriate degree of monetary policy restrictiveness at each meeting. So with that, Clair, Dave and I will be happy to take questions."
BoE_202411_opening,20241107,opening,Governor,governor,0,opening,0,BoE_202411_opening_0,0,30,30,"1 MONETARY POLICY REPORT PRESS CONFERENCE Thursday 7 November 2024 Opening remarks by Andrew Bailey, Governor Inflation has been close to our 2% target for more than half a year now. Today, we have been able to cut Bank Rate again, by 0.25 percentage points to 4.75%. The best and most sustainable contribution monetary policy can make to growth and prosperity is to ensure low and stable inflation. I will start with recent developments and the near-term outlook for inflation and then turn to our medium-term forecast and its determinant drivers, before concluding on today's monetary policy decision. Chart 1 shows the evolution of twelve-month consumer price inflation over the past year. It has fallen a long way to an average of 2% over the past five months and 1.7% in the latest data for September. This is 0.4 percentage points below our August projection and in the order of 1½ percentage points below our projection from a year ago . The disinflationary process has progressed well, and faster than we had expected. Both oil and gas prices have been significantly lower than market pricing suggested a year ago. But the downside news to inflation over the year has also reflected lower-than-expected food, core goods and services price inflation. Since August, services inflation has fallen quite sharply to 4.9% in September, 0.6 percentage points below our August projection. 2 Looking further ahead to the next six months as in the shaded area of Chart 2, we expect consumer price inflation to rise somewhat as the drag from lower energy bills wanes and the contribution of services price inflation comes to dominate . It is encouraging that we can now move forward from a lower starting point. But services price inflation remains elevated, and recent downside news has tended to be driven by more volatile components such as airfares and accommodation. We still need to see services price inflation come down more broadly to keep headline consumer price inflation at the 2% target. Monetary policy has been guided by the need to squeeze remaining inflationary pressures out of the economy to achieve the 2% target sustainably. We have needed restrictive monetary policy to lean against domestic second-round effects from global inflationary shocks. We now face the question of whether the remaining domestic inflationary pressure - for instance manifest in services price inflation and pay growth - will dissipate naturally now that the global shocks initially driving up inflation have unwound; or whether achieving this disinflation will require a period of economic slack in the UK economy. Alternatively, are we experiencing sustained changes in the structure of the economy with longer-lasting effects on inflationary pressures? These have become important cases in the Monetary Policy Committee's deliberations. As policymakers, we can think that all three cases are of relevance, albeit to different degrees. The forecast we publish in the Monetary Policy Report today is based on the second case. 3 In the projection, second-round effects on domestic prices and wages are expected to take somewhat longer to unwind then they did to emerge. But a margin of slack emerging over the forecast period is sufficient to ensure that consumer price inflation falls back to the 2% target in the medium term. The blue line is the projection for consumer price inflation, conditional on the 15-day average of the market-implied path for interest rates to 29 October - our usual convention. Headline inflation increases to around 2¾% by the second half of 2025, before falling back to around the 2% target over the medium term. Alongside this forecast, the Committee has also considered the two alternative cases for how the persistence of inflationary pressures may evolve. In these cases, inflationary pressures may prove to be either less persistent or more persistent than in the projection. This is set out in more detail in a Box in the Report. I will now add some reflections on the key judgements we have made on the outlook for inflation."
BoE_202411_opening,20241107,opening,Governor,governor,0,opening,1,BoE_202411_opening_1,31,52,20,"Our November projection is conditioned on Government policies as announced in the Autumn Budget. Chart 4 shows public sector net borrowing and how it is projected to change relative to the previous March projection by the Office for Budget Responsibility. In the Autumn Budget, the path for public sector net borrowing is higher than it was in March. But the chart on the left also shows that the difference is more pronounced in the first than in future years. Public sector net borrowing is still projected to fall significantly over the forecast period. 4 We provisionally expect the measures announced in the Autumn Budget to boost the level of GDP by around ¾% at their peak in a year's time. This reflects the stronger, and relatively front-loaded, paths for government consumption and investment more than offsetting the impact on growth of higher taxes. Overall, fiscal policy is still expected to tighten over the forecast. But all else equal, the changes announced in the Budget are expected to reduce the margin of spare capacity in the economy over the forecast period. 5 The marginal effects on our inflation projections from the Autumn Budget are shown in Chart 5. Combined, measures push up on inflation by just under ½ percentage point at their peak . The extended freeze on fuel duty pushes down on inflation over the next fiscal year . But as it is assumed to rise thereafter in line with announced Government policy, fuel duty then pushes up on inflation from the second quarter of 2026. Other measures directly push up on inflation over the first fiscal year . There are different ways in which the increase in employer National Insurance Contributions could play out in the economy. Firms could pass on higher costs to consumer prices, or firms could absorb the increase through lower margins or higher productivity; firms could increase wages by less, or firms could respond by reducing employment. Let me be clear, public policy measures of this kind serve other objectives and it is not for us to opine one way or the other. What we must do is respond to any consequences for inflation in order to meet our 2% target over the medium term. We will get information on how the consequences for inflation evolve over time. A gradual approach to removing monetary policy restraint will help us to observe how this plays out, along with other risks to the inflation outlook."
BoE_202411_opening,20241107,opening,Governor,governor,0,opening,2,BoE_202411_opening_2,53,72,18,"Developments in the UK labour market continue to be very important for assessing developments in inflationary pressures. Wage growth remains strong relative to our models, perhaps reflecting some continuing real wage catch-up in a still relatively tight labour market. As Chart 6 shows, annual growth in private sector regular pay (in blue on the left-hand side) has eased to 4.8% in the three months to August, down from a peak of just above 8% in 6 mid-2023 and in line with our expectations in August. A normalisation in inflation expectations and easing in labour market tightness have supported that moderation in pay growth. Consistent with the slowing in the official measure, a Bank staff indicator model of underlying pay growth has also declined in recent quarters, pointing to underlying wage growth of around 4.8% . Along with some but not all outside surveys and measures (seen here on the right), this points to a gradual but progressive move down in wage growth towards levels consistent with the 2% inflation target. The Bank's Agents also suggest that wage settlements could continue to come down, perhaps to around 2-4% in 2025 compared with 6-6.5% in 2023. This is the story I have heard consistently when I have joined them recently on visits to businesses in different parts of the country. But two further observations should give us cause to reflect. First, one year-ahead expectations for wage growth of firms in the Bank's Decision Maker Panel seems to have stabilised at a higher level of around 4% in recent months. Second, the evidence - such as it is - points to the quantity side of the labour market remaining relatively tight while showing some loosening. Both of these observations could point to lingering persistence in wage pressures beyond what we are assuming in our projection. There has been continued progress in disinflation, particularly as previous external shocks have abated. So, at this meeting, the Committee voted to reduce Bank Rate to 4.75%. Based on the evolving evidence, a gradual approach to removing policy restraint remains appropriate. Monetary policy will need to continue to remain restrictive for sufficiently long until the risks to inflation returning sustainably to the 2% target in the medium term have dissipated further. The Committee continues to monitor closely the risks of inflation persistence and will decide the appropriate degree of monetary policy restrictiveness at each meeting. And with that, Clare, Dave and I will be happy to take your questions."
BoE_202411_transcript,20241107,transcript,Andrew Bailey,governor,0,opening,0,BoE_202411_transcript_0,0,32,28,"Inflation has been close to our 2% target for more than half a year now, and today we have been able to cut bank rates again by 0.25 percentage points to 4.75%. The best and most sustainable contribution that monetary policy can make to growth and prosperity is to ensure low and stable inflation. I'll start my remarks on recent developments and the near-term outlook for inflation, then turn to our medium-term forecast and its determinant drivers before concluding on today's monetary policy decision. Chart one that's just come up shows the evolution of 12-month consumer price inflation. It's fallen a long way to an average of 2% over the past five months and 1.7% in the latest data, which were for September. This is 0.4 percentage points below our August projection, which is shown in orange and around one and a half percentage points below our projection from a year ago, which is the blue line. So, the disinflationary progress process has progressed well and indeed faster than we expected. Both oil and gas prices have been significantly lower than market pricing suggested a year ago. But the downside news to inflation over the year has also reflected lower than expected food core goods and services price inflation. Since August, services inflation has fallen quite sharply to 4.9% in September, 0.6 percentage points below the projection we made in August. Looking further ahead to the next six months, which is shown in the shaded area of chart two, that has just come up, we expect consumer price inflation to rise somewhat as the drag from lower energy bills wanes. That's the orange bars and the contribution of services price inflation comes to dominate. It's encouraging that we can now move forward from a lower starting point, but services price inflation remains elevated and recent downside news has tended to be driven by more volatile components such as airfares and accommodation. We still need to see services price inflation come down more broadly to keep headline consumer price inflation at the 2% target. Monetary policy has been guided by the need to squeeze remaining inflationary pressures out of the economy, to achieve the 2% target sustainably. We have needed restrictive monetary policy to lean against domestic second round effects from those global inflationary shocks. We now face the question of whether the remaining domestic inflationary pressure, for instance, manifest in services, price inflation and pay growth will dissipate naturally now that the global shocks initially driving up inflation have unwound, or whether achieving this disinflation will require a period of economic slack in the UK economy. Alternatively, are we experiencing sustained changes in the structure of the economy with longer lasting effects on inflationary pressures? As policymakers, we can think that all three cases are of relevance, albeit to different degrees. Now, the forecast that we publish in the monetary policy report today is based on the second case. In the projection, second round effects on domestic prices and wages are expected to take somewhat longer to unwind than they did to emerge. But a margin of slack emerging over the forecast period is sufficient to ensure that consumer price inflation falls back to the 2% target in the medium term. The blue line is the projection for consumer price inflation, conditional on the 15-day average of the market implied path for interest rates to the 29th of October. Headline inflation increases to around 2.75% by the second half of next year, before falling back to around the 2% target over the medium term. Alongside the forecast, the committee has also considered the two alternative cases for how the persistence of inflationary pressures may evolve. In these cases, inflationary pressures may prove to be either less persistent or more persistent than in the projection. And this is set out in more detail in a box in the report. I'm now going to add some reflections on the key judgments that we've made on the outlook for inflation."
BoE_202411_transcript,20241107,transcript,Andrew Bailey,governor,0,opening,1,BoE_202411_transcript_1,33,52,15,"Our November projection is conditioned on government policies as announced in the Autumn budget. Chart four shows public sector net borrowing and how it is projected to change relative to the previous March projection by the office for Budget Responsibility. In the Autumn budget, the path for public sector net borrowing is higher than it was in March, but the chart on the left also shows that the difference is more pronounced in the first than in the future years. Public sector net borrowing is still projected to fall significantly over the forecast period. We provisionally expect the measures announced in the budget to boost the level of GDP by around three quarters of a percent at their peak in a year's time. This reflects the stronger and relatively frontloaded paths for government consumption and investment, more than offsetting the impact on growth of higher taxes. Overall, fiscal policy is still expected to tighten over the forecast. But all else equal, the changes announced in the budget are expected to reduce the margin of spare capacity in the economy over the forecast period. The marginal effects on our inflation projections from the Autumn budget are shown in chart five, which has just come up. Combined measures push up on inflation by just under half a percentage point at their peak. The extended freeze on fuel duty pushes down on inflation over the next fiscal year. But as it is assumed to rise thereafter in line with announced government policy, fuel duty then pushes up on inflation from the second quarter of 2026. Other measures do directly push up on inflation over the first year. Now, there are different ways in which the increase in employer national Insurance contributions could play out in the economy. Firms could pass on higher costs to consumer prices, or firms could absorb the increase through a lower margins or higher productivity."
BoE_202411_transcript,20241107,transcript,Andrew Bailey,governor,0,opening,2,BoE_202411_transcript_2,53,80,24,"Firms could increase wages by less, or firms could respond by reducing employment. Public policy measures of this kind serve other objectives, and it's not for us to opine one way or the other. What we must do is respond to any consequences for inflation in order to meet our 2% target over the medium term. Now we will get information on how the consequences for inflation evolve over time. A gradual approach to removing monetary policy restraint will help us to observe how this plays out, along with other risks to the inflation outlook. Developments in the UK labour market continue to be very important for assessing developments in inflationary pressures. Wage growth remains strong relative to our models, perhaps reflecting some continuing real wage catch up in a still relatively tight labor market. As chart six shows, annual growth in private sector regular pay. That's in blue on the left- hand side, has eased to 4.8% in the three months to August, down from a peak of just above 8% in mid-2023. And indeed, in line with our expectations in August, a normalisation in inflation expectations, an easing in labour market tightness have supported that moderation in pay growth. Consistent with the slowing in the official measure, a bank staff indicator model of underlying pay growth has also declined in recent quarters, pointing to underlying wage growth of around 4.8%. That's the orange line, along with some but not all, outside surveys and measures seen on the right. This points to a gradual but progressive move down in wage growth towards levels consistent with the 2% inflation target. The Bank's agents also suggest that wage settlements could continue to come down, perhaps to around 2 to 4% next year, compared with 6 to 6.5% in 2023. And I would add that this is the story that I've heard consistently when I have joined them recently on visits to businesses in different parts of the country. But two further observations should give us cause to reflect. First, one year ahead expectations for wage growth of firms in the bank's Decision Maker Panel seem to have stabilised at a higher level of around 4% in recent months. Second, the evidence, such as it is, points to the quantity side of the labour market remaining relatively tight while showing some loosening. Both of these observations could point to lingering persistence in wage pressures beyond what we're assuming in the projection. There has been continued progress in disinflation, particularly as previous external shocks have abated. So, at this meeting, the committee voted to reduce bank rate to 4.75% based on the evolving evidence. Monetary policy will need to continue to remain restrictive for sufficiently long until the risks to inflation returning sustainably to the 2% target in the medium term have dissipated further. The committee continues to monitor closely the risks of inflation persistence and will decide the appropriate degree of monetary policy restrictiveness at each meeting. And with that, Clare, Dave and I will be happy to take your questions."
BoE_202502_opening,20250206,opening,Governor,governor,0,opening,0,BoE_202502_opening_0,0,27,27,"MONETARY POLICY PRESS CONFERENCE Thursday 6 February 2025 Opening remarks by Andrew Bailey, Governor Today, we have cut Bank Rate by 0.25 percentage points, to 4.5%. With the progress we have made to reduce inflationary pressures in the UK economy, we have been able to take another step to make monetary policy less restrictive. We expect to be able to cut Bank Rate further as the disinflation process continues. But we will have to judge meeting by meeting how far and how fast. We live in an uncertain world, and the road ahead will have bumps. We expect inflation to increase this year, to a peak of about 3.7%, before returning to the 2% target. We will set Bank Rate to ensure that it does so sustainably. Low and stable inflation is the foundation of a healthy economy, and we will do our job to continue to ensure that. I will now describe the outlook for inflation in more detail, and the uncertainties we face, before concluding on today's monetary policy decision. Chart 1 shows the development of twelve-month consumer price inflation since 2021 . It shows how headline inflation fell sharply through 2023 and into 2024, before reaching the 2% target towards the middle of last year. In the shaded area, you can see how we now expect inflation to increase to about 3.7% towards the middle of this year as negative contributions from energy prices first fade and then turn slightly positive - with some further upward pressure from food and goods prices (purple and blue bars). This is a full percentage point higher than the peak we expected in November. Behind this uptick in headline inflation, however, stands a continued, gradual easing of underlying inflationary pressures in the UK economy. This is the backdrop to our withdrawal of monetary policy restrictiveness, and to our policy decision today. As Chart 2 shows, inflation in the prices of services has been coming down since the middle of last year. In the latest data for December, services inflation fell more than expected to 4.4%. Some of that downside surprise was driven by smaller than expected increases in airfares, which can be volatile. But other measures of underlying services price inflation have been gradually easing too. And higher frequency measures of underlying services price inflation, which can be indicative of near-term inflation momentum, have remained lower than their annual rates. This points to a prospect of further moderation in underlying services price inflation. Wage growth remains an important factor behind the remaining persistence in services price inflation. Annual growth in private-sector regular average weekly earnings (AWE) increased to 6.0% in the three months to November. This may suggest that the disinflationary process has slowed in recent months. The news from other measures of private-sector regular pay growth has been mixed. The Bank staff's indicator model of underlying pay growth has plateaued recently, as Chart 3 shows, but it still points to a lower rate of wage growth than the AWE . Both the Bank's Decision Maker Panel and our Agent's annual pay survey point to a softening in wage growth over this year, to just below 4% and 3.7%, (yellow and purple dots) respectively."
BoE_202502_opening,20250206,opening,Governor,governor,0,opening,1,BoE_202502_opening_1,28,49,21,"So while we expect inflation to rise again over the coming months, it is almost entirely due to factors that are not directly linked to underlying cost and price pressures in the UK economy - factors that we expect to be temporary. Chart E r a r at r r CPI at t rar Projected contributions to cumulative changes in PI inflation from December 2024 Bloomberg Finance L.P., Department for Energy Security and Net ero, ONS and Bank calculations Chart shows a decomposition. The combined effects of regulated price changes and fiscal measures may add around half a percentage point to inflation towards the middle of this year (orange, blue and purple bars). ore goods and food price inflation measures have also ticked up (pink and green bars). But the single largest driver is household energy bills . With current expectations for wholesale prices, energy prices may contribute as much as three quarters of a percentage point to the increase in headline inflation expected towards the middle of the year. The winter has been colder than expected in Europe and that has led to an increase in demand for natural gas while supply has remained tight. As Chart 5 shows, wholesale natural gas futures prices have risen by around 20% since our November Report. The increase in European gas prices has led to an increase in the Ofgem price cap for UK household energy bills for the current quarter, and it will affect the cap for the second quarter of this year too when it is announced by Ofgem later this month. But gas futures prices remain significantly lower than in 2022, and they are little changed further out. While energy prices are volatile and notoriously hard to predict, these are developments that should help to limit further increases in energy prices. Monetary policy cannot prevent such short-term influences on headline inflation, nor should monetary policy respond to factors that will fade by the time monetary policy takes it effect. But we should recognise that this short-term pick-up in inflation introduces some further uncertainty into the near-term outlook for inflation. Utility and food prices are salient to the consumer, and we have to make sure that temporary increases in them do not feed through to lasting second-round effects on wages and other prices. With the underlying disinflationary process well underway, and a continued restrictive stance of monetary policy in place, we can, however, be reasonably confident that the pick-up in inflation we see ahead of us will be Chart 5 a t r r ha r t r a 2 22 Wholesale UK natural gas spot price and selected futures curves Bloomberg Finance L.P. and Bank calculations temporary - and much smaller and less prolonged than the one we have just put behind us. The context is one of a weaking in economic activity. Intelligence from the Bank's Agents suggests that firms are increasingly either reluctant or unable to pass through costs to consumer prices given subdued demand. These are signs that the restrictive stance of monetary policy continues to work to reduce inflationary pressure in the UK economy. So looking further ahead as in Chart 6, our February projection - which is conditional on the market-implied path for interest rates - suggests that consumer price inflation will peak this year at around 3.7% and then fall steadily back to the 2% target over the rest of the forecast period. In our projection, the return of inflation to target is supported by an emerging degree of economic slack in the UK economy. Activity in the UK economy has been weaker than expected last year."
BoE_202502_opening,20250206,opening,Governor,governor,0,opening,2,BoE_202502_opening_2,50,79,25,"And we now expect GDP growth to be notably weaker in the near term too before picking up from the middle of the year. We expect similar growth rates for 2026 and 2027 as we did in November. There is considerable uncertainty over the extent to which this weakness in UK GDP should be ascribed to demand or to supply, and so what that weakness means for inflation. Metrics of business and consumer confidence have deteriorated over recent months, and contacts of the Bank's Agents report that consumers are more price conscious and holding back on spending. Equally, the disinflationary process has been slow too, and both services price inflation and pay growth remain at elevated levels. Price balances in business surveys have increased, while activity balances have fallen. This suggests that demand has been slowing against the backdrop of continued weakness in the potential supply capacity of the UK economy. Our February projection ascribes much of the weakness in economic activity to supply. This means that the more recent slowdown in demand has so far led to only a small margin of slack opening up. The output gap then widens over the next couple of years of the projection to around three quarters of a per cent of potential GDP, before narrowing towards the end of the forecast period. This is consistent with current measures of slack in the economy. Both the level of vacancies and the ratio of vacancies to unemployment have returned close to pre- pandemic levels, suggesting that the labour market is broadly in balance. I would also note that the ratio of broad money to GDP, shown in Chart 7, has returned close to its pre-pandemic trend, though it is clear that the slope of the current direction of travel is down. While we would expect the underlying disinflationary process to continue, the balance between aggregate demand and supply is one of the main determinants of inflationary pressures in the medium term. On the one hand, greater or longer-lasting weakness in demand relative to supply would push down on inflationary pressures, consistent with a less restrictive path for Bank Rate. On the other hand, if supply is more constrained relative to demand, domestic wage and price pressures could be sustained, consistent with a slower pace of future reductions in Bank Rate. It remains unclear what form global trade policies might ultimately take, and the MP 's February projection is not Chart 7 M r th ha r a Ratio of aggregate broad money to nominal GDP Bank of England, ONS and Bank calculations conditioned on any change in global tariffs. A Box in the Monetary Policy Report sets out a framework for how tariffs could affect UK output and inflation. Our restrictive stance of monetary policy has reduced inflationary pressures in the UK economy. With the progress we have made, we have been able to take another step in making monetary policy a little less restrictive today. The judgement we will have to make at our future meetings is whether underlying inflationary pressures in the UK economy are easing enough to allow further cuts in Bank Rate. Some domestic inflationary pressures remain and may have eased a little more slowly than we expected last year, reaffirming the importance of taking a gradual approach to the withdrawal of monetary policy restrictiveness. With increased uncertainty and risks to inflation on both sides - from the near-term outlook to UK activity and inflation, and from developments in the global economy - we must also proceed carefully, judging the evidence afresh at each meeting. Based on the ommittee's evolving views of the outlook for medium-term inflation, a gradual and careful approach to the further withdrawal of monetary policy restraint is appropriate. And with that, lare, Dave and I will be happy to take your questions."
BoE_202502_transcript,20250206,transcript,Andrew Bailey,governor,1,opening,0,BoE_202502_transcript_0,1,30,23,"So today we've cut bank rate by 0.25 percentage points to 4.5 percent. With the progress we've made to reduce inflationary pressures in the UK economy, we've been able to take another step to make monetary policy less restrictive. And we expect to be able to cut bank rate further as the disinflation process continues. But we will have to judge meeting by meeting how far and how fast. We live in an uncertain world and the road ahead will have bumps on it. We expect inflation to increase this year to a peak of about 3.7% before returning to the 2% target, and we will set bank rate to ensure that it does so sustainably. Low and stable inflation is the foundation of a healthy economy, and we will do our job to continue to ensure that. I'll now describe the outlook for inflation in more detail, the uncertainties we face, before concluding on the decision we've taken today. Chart one has come up and shows the development of 12-month consumer price inflation since 2021. It shows how headline inflation fell sharply through 2023 and into 2024, before reaching the 2% target towards the middle of last year. In the shaded area on the right, you can see how we now expect inflation to increase to about 3.7% towards the middle of this year as negative contributions from energy prices, that's the orange bars first fade and then turn slightly positive, with some further upward pressure from food and goods prices. And this is a full percentage point higher than the peak we expected in November. But behind this uptick in headline inflation stands a continued gradual easing of underlying inflationary pressures in the UK economy. And this is the backdrop to our withdrawal of monetary policy restrictiveness and to our policy decision today. As chart two shows, inflation in the prices of services has been coming down since the middle of last year. In the latest data for December services inflation fell more than expected to 4.4%. Some of that downside surprise was driven by smaller than expected increases in airfares, which can be volatile. But other measures of underlying services price inflation have been gradually easing to and higher frequency measures of underlying Services Price inflation, which can be indicative of near-term inflation moment have remained lower than their annual rates, and this points to a prospect of further moderation in underlying Services Price inflation. Wage growth remains an important factor behind the remaining persistence in services. That's AWE increased to 6% in the three months to November. Now, this may suggest that the disinflationary process has slowed in recent months. The news from other measures of private sector regular pay growth has been mixed. The bank staff's indicator model of underlying pay growth has plateaued recently as chart three shows, but it still points to a lower rate of wage growth."
BoE_202502_transcript,20250206,transcript,Andrew Bailey,governor,1,opening,1,BoE_202502_transcript_1,31,59,23,"That's the orange line than the AWA, which is the blue, and both the bank's decision maker panel and our agents annual pay survey point to a softening in wage growth over this year to just below 4% and 3.7%, respectively. So, while we expect inflation to rise again over the over the coming months. It is almost entirely due to factors that are not directly linked to underlying cost and price pressures in the economy, and factors that we expect to be temporary. The combined effects of regulated price changes and fiscal measures may add around half a percentage point to inflation towards the middle of this year. core goods and food price inflation measures have also ticked up. With current expectations for wholesale prices, energy prices may contribute as much as three quarters of a percentage point to the increase in headline inflation expected towards the middle of the year. The winter has been colder than expected in Europe, and that has led to an increase in demand for natural gas, while supply has remained remain tight. As chart five shows, wholesale natural gas futures prices have risen by around 20% since our November report. The increase in European gas prices has led to an increase in the Ofgem price cap for UK household energy bills for the current quarter, and it will affect the cap for the second quarter of this year too, when it is announced by Ofgem later this month. But gas futures prices remain significantly lower than in 2022 and they are little changed further out. While energy prices are volatile and notoriously hard to predict, these are developments that should help to limit further increases in energy prices. Monetary policy cannot prevent such short-term influences on headline inflation, nor should it respond to factors that will fade by the time it takes its effect. But we should recognize that this short-term pick-up in up in inflation introduces some further uncertainty into the near-term outlook for inflation. Utility and food prices are salient to the consumer, and we have to make sure that temporary increases in them do not feed through to lasting second round effects on wages and other prices. With the underlying disinflationary process well underway and a continued restrictive stance of monetary policy in place, we can, however, be reasonably confident that the pickup in inflation we see ahead of us will be temporary and much smaller and less prolonged than the one we have just put behind us. The context is one of a weakening in economic activity. Intelligence from the bank's agents suggests that firms are increasingly either reluctant or unable to pass through costs to consumer prices, given subdued demand. There are signs that the restrictive stance of Monetary Policy continues to work to reduce inflationary pressure in the in the economy. So, looking further ahead, as in chart six, our February projection, which is conditional on the market implied path for interest rates. This suggests that consumer price inflation will pick up peak this year at around 3.7%, and then fall steadily back to the 2% target over the rest of the forecast period. In our projection, the return of inflation to target is supported by an emerging degree of economic slack in the UK economy. Activity in the economy has been weaker than expected last year. We now expect GDP growth to be notably weaker in the near term too before picking up from the middle of the year."
BoE_202502_transcript,20250206,transcript,Andrew Bailey,governor,1,opening,2,BoE_202502_transcript_2,60,88,25,"We expect similar growth rates for 2026 and 2027, as we did in November. There is considerable uncertainty over the over the extent to which this weakness in GDP should be ascribed to demand or to supply. Metrics of business and consumer confidence have deteriorated over recent months, and contacts of the Bank's agents report that consumers are more price conscious than holding back on spending. Equally, the disinflationary process has been slow too, and both Services Price Inflation and pay growth remain at elevated levels. Price balances in business surveys have increased while activity balances have fallen. This suggests that demand has been slowing against the backdrop of continued weakness in the potential supply capacity of the economy. Our February projection ascribes much of the weakness in economic activity to supply. This means that the more recent slowdown in demand has so far led to only a small margin of slack opening up. The output gap then widens over the next couple of years of the projection to around three quarters of a percent of potential GDP, before narrowing towards the end of the forecast period. This is consistent with current measures of slack in the economy. Both the level of vacancies and the ratio of vacancies to unemployment have returned close to pre-pandemic levels, suggesting that the labour market is broadly in balance. I would also note that the ratio of broad money to GDP shown in chart seven here has returned close to its pre-pandemic trend, though it's also clear that the slope of the current direction of travel is downwards. While we would expect the underlying disinflationary process to continue, the balance between aggregate demand and supply is one of the main determinants of inflationary pressures in the medium term. On the one hand, greater or longer lasting weakness in demand relative to supply would push down on inflationary pressures consistent with a less restrictive path for bank rate. On the other hand, if supply is more constrained relative to demand, domestic wage and price pressures could be sustained, consistent with a slower path of future reductions in bank rate. It remains unclear what form global trade policies might ultimately take, and the MPC's February projection is not conditioned on any change in global tariffs. A box in the Monetary Policy Report sets out a framework for how tariffs could affect UK output and inflation. So let me conclude our restrictive stance of monetary policy has reduced inflationary pressures in the UK economy. With the progress we've made, we've been able to take another step in making monetary policy a little less restrictive today. The judgment we will have to make at our future meetings is whether underlying inflationary pressures in the UK economy are easing enough to allow further cuts in Bank Rate. Some domestic inflationary pressures remain and may have eased a little more slowly than we expected last year. And that reaffirms the importance of taking a gradual approach to the withdrawal of monetary policy restrictiveness. Bank Rate is not on a preset path, with increased with increased uncertainty and risk to inflation on both sides, from the near-term outlook to UK activity and inflation, and from developments in the global economy. We must also proceed carefully, judging the evidence afresh at each meeting, based on the committee's evolving views of the outlook for medium term inflation, a gradual and careful approach to the further withdrawal of monetary policy restraint is appropriate. And so, with that, Clare, Dave and I will be happy to take your questions."
BoE_202505_opening,20250508,opening,Governor,governor,0,opening,0,BoE_202505_opening_0,0,54,40,"MONETARY POLICY PRESS CONFERENCE Thursday 8 May 2025 Opening remarks by Andrew Bailey, Governor The disinflation process in the UK economy has continued. UK inflation was 2.6% in the latest data for March. With the progress we have made, we can take another step in making monetary policy less restrictive. So today, we have we cut Bank Rate by 0.25 percentage points, to 4.25%. As the past few weeks demonstrate, the global economic environment remains an uncertain one. Instead, the MPC must continue to respond carefully to the evolving economic circumstances and the outlook for inflation in the UK. Whatever happens, the MPC will continue to set Bank Rate to ensure that inflation returns sustainably to the 2% target in the medium term. But I will start with - and spend most of my time on - what is happening in the UK economy. That is ultimately what matters for UK inflation and monetary policy. I will have four key messages, reflecting our four key judgements on the outlook, before concluding with the uncertainties we face and the implications for monetary policy. My first key message is that disinflation in domestic price and wage pressures is continuing. While headline inflation is expected to rise in the near term, we do not expect it to persist. Chart 1 shows the development of twelve-month consumer price inflation since 2021 along with its components. As the Chart shows, headline inflation has been around the 2% target over the past year, albeit slightly above it on average. In the shaded area, the Chart shows how we expect headline inflation to rise to about 3½% in the coming months. This is a little less than we projected in February. It shows that the expected increase in inflation is driven mostly by energy prices (now in yellow), and besides that by increases in regulated water bills , indexed bills for services such as broadband and mobile phones and higher national insurance contributions (in light blue). These price increases are not directly linked to the underlying cost pressures in the UK economy. Meanwhile, other services prices (darker blue bars) - those that are more closely linked to activity and cost pressures - are on course to pull down on inflation in the coming months. As the effects of volatile energy prices and indexed and regulated price changes pass through, it is not least the path for these other services prices that will determine headline inflation. And the path for services inflation points to a continued gradual easing of inflationary pressure in the UK economy. While their levels remain elevated, measures of underlying services price inflation have continued to diminish. This has happened as pressures from non-labour input costs have faded. So persistence in wage growth is now the main driver of continued high levels of services price inflation. My second key message is that a small margin of slack has opened up in the UK economy, and we expect it to widen over the next couple of years. Heightened uncertainty, weak productivity growth and the continued restrictive stance of monetary policy have all been weighing on GDP growth recently. And while real household incomes have risen quite strongly, consumption has not followed suit. This weakness in demand has coincided with continued weakness in the potential supply capacity of the UK economy. Nevertheless, labour market developments, survey indicators of capacity utilisation and statistical estimates all suggest that weaker demand has led to a small margin of economic slack opening up. Looking through data volatility, we expect underlying GDP growth to remain subdued in the near term before economic activity starts to pick up later this year as household spending and business investment recover, supported by a downward path for interest rates. Assuming potential productivity recovers some of its recent weakness, that pickup in GDP growth will still probably go hand in hand with a wider margin of slack. An emerging margin of slack in the UK economy should act against any remaining persistence in domestic wage and price setting to return inflation to the 2% target sustainably. A normalisation in wage growth is particularly important to ensure that services price inflation continues to fall back to levels consistent with the 2% target for headline consumer price inflation. Annual private sector regular average weekly earnings growth was 5.9% in the three months to February, having risen in the second half of last year. This was slightly lower than we expected in the February Report, however. As Chart 4 shows, underlying measures - estimated by Bank staff - have been more stable and point to a slightly lower rate of wage growth. And as we look ahead over the course of this year, we expect wage growth to moderate with a loosening in labour market conditions. The Bank's latest Decision Maker Panel survey suggests that wage growth will be about 4% for the year ahead (yellow diamond), and the Bank's Agents point to average pay rises for 2025 between 3½% and 4% (purple diamond). With a continued easing in labour as well as non-labour costs, further declines in services price inflation will support a gradual return of headline inflation to the target as we look beyond the near-term increase. As shown in Chart 5, in our baseline projection conditional on the market-implied path for Bank Rate, inflation gradually falls from later this year to reach around the 2% target within two years' time."
BoE_202505_opening,20250508,opening,Governor,governor,0,opening,1,BoE_202505_opening_1,56,79,22,"New tariffs and elevated trade policy uncertainty weigh on global activity. We expect global trade prices to be materially weaker, particularly in China. The US administration has made a series of announcements with significant changes to tariff polices. Slower growth in the global economy is likely to reduce the demand for our exports and impact economic activity here in the UK. That reduction in external demand will also work to reduce inflationary pressures in the economy. But while the impact of what we have seen so far is likely to push inflation down somewhat, the overall impact on inflation remains uncertain. On the one hand, lower US demand for global exports, particularly from China, could lead to lower global export prices and hence lower prices for the UK, reducing inflationary pressures further. On the other hand, higher costs in the global supply chain - as intermediate inputs are subjected to tariffs or because of disruptions - could push up on prices. While sterling has appreciated in recent weeks, easing inflationary pressures, global exchange rates can shift in response to trade policy news and the evolution of global risk sentiment. Although they understandably dominate the headlines, it is important to remember that global trade policies, and how they affect the UK economy, is only one source of risk to the outlook for inflation in the UK. The MPC is alert to a range of risks in both directions. Domestic inflationary pressures could persist for longer than we expect, despite the progress we have made, or they could ease more quickly as the margin of slack widens. The balance between supply and demand in the UK economy, and how it will develop over the forecast horizon, also remains highly uncertain. We need to watch very carefully for any signs that the near-term increase in inflation could lead to additional second- round effects on wage and price-setting, even if that is not our central assumption, but also for any further weakening in demand which would reduce inflationary pressure. In the Monetary Policy Report, we present two scenarios in addition to a baseline projection for activity and inflation to illustrate some of these risks. In one scenario, there could be weaker supply and more persistence in domestic wages and prices, including from second-round effects related to the near-term increase in headline inflation. In the other scenario, inflationary pressures could ease more quickly owing to greater or longer-lasting weakness in demand relative to supply, in part reflecting uncertainties globally and domestically. Considering all the risks, we will continue to monitor closely the accumulation of evidence on the outlook for inflation over the medium term and set Bank Rate accordingly to meet the 2% target. To conclude, our restrictive stance of monetary policy has reduced inflationary pressures in the UK economy. With the progress we have made, we have been able to take another step in making monetary policy a little less restrictive today. A gradual and careful approach to the further withdrawal of monetary policy restraint remains appropriate. And with that, Clare, Dave and I will be happy to take your questions."
BoE_202505_transcript,20250508,transcript,Andrew Bailey,governor,1,opening,0,BoE_202505_transcript_0,2,13,10,"UK inflation was 2.6% in the latest data for March. That's above our 2% target, but it's a little bit lower than expected. So with the progress we have made, we can take another step in making monetary policy less restrictive. So today we've cut Bank Rate by 0.25 percentage points to 4.25%. As the past few weeks demonstrate, the global economic environment remains an uncertain one. Instead, the MPC must continue to respond carefully to the evolving economic circumstances and the outlook for inflation in the UK. Whatever happens, the MPC will continue to set Bank Rate to ensure that inflation returns sustainably to the 2% target in the medium term. I'll return to the global economy shortly, but I will start with and spend most of my time on what is happening in the UK economy. That is ultimately what matters for UK inflation and monetary policy. And I will have four key messages reflecting our four key judgements on the outlook, before concluding with the uncertainties we face and the implications for monetary policy, and a few words on the prospects we see for a trade agreement."
BoE_202508_opening,20250807,opening,Governor,governor,0,opening,0,BoE_202508_opening_0,0,35,32,"1 MONETARY POLICY PRESS CONFERENCE Thursday 7 August 2025 Opening remarks by Andrew Bailey, Governor Today, we have cut Bank rate by 0.25 percentage points, to 4%. There has been substantial disinflation over the past two and a half years, supported by the restrictive stance of monetary policy. Domestic price and wage pressures have generally continued to abate in recent months. That has allowed us to take another step in reducing Bank Rate today. Headline inflation rose to 3.6% in the latest data for June, owing to increases in energy, food and administered prices. And we think inflation will increase to around 4% in September. Our job is to ensure that inflation falls back to the 2% target once these temporary factors pass, as we expect to see. So it remains important that we do not cut Bank Rate too quickly, or by too much. Today's decision is based on three key judgements on the outlook for the UK economy and inflation - and our assessment of the risks around them. I will set out each of these key judgements in turn, before concluding with the implications for monetary policy. The first key judgement is that disinflation in underlying domestic price and wage pressures is generally continuing, albeit to different degrees. Headline inflation is likely to pick up slightly further in the coming months. Chart 1 shows the development of twelve-month consumer price inflation since 2021 along with its components (coloured bars). The largest driver of the rise in headline inflation over the past year has been energy prices, which are no longer pushing inflation down , while the contribution from services price inflation has remained elevated. More recently, higher food price inflation has also contributed to higher headline inflation . In the shaded area, the Chart shows how we expect headline inflation to peak at about 4% in September. 2 In addition to the contributions from energy and food prices, inflation will continue to be held up over the coming months by a number of increases in regulated and administered prices, such as water bills and vehicle excise duty, that are not directly linked to underlying cost pressures in the UK economy. There are good reasons to think that this rise in headline inflation will not persist. 3 As Chart 2 shows, excluding the impact of administered prices, there has been some further progress on disinflation in services inflation. Inflation in services prices that are more directly linked to cost pressures in the UK economy has therefore continued to ease, albeit gradually. And pay growth - a key component of cost pressures in the UK economy - has declined further recently. Annual private sector regular pay growth, shown in Chart 3 , was 4.9% in the three months to May, about half a percentage point weaker than we had expected in the May Monetary Policy Report. This is in line with a range of other indicators also pointing to a gradual slowing in pay growth. Annual pay growth is likely to ease further over the second half of the year (purple diamonds). Intelligence from the Bank's Agents continues to point to average pay rises for 2025 of between 3.5% and 4% (green dot), and the Bank's Decision Maker Panel expects pay growth to be just under 4% by the end of the year (yellow diamond). We should expect this gradual normalisation in pay growth to feed through to lower services price inflation as we look ahead. But the risk that the recent rise in prices could feed more inflation - as illustrated in the inflation persistence scenario set out in our May Report - has come into sharper focus. Higher food and energy price inflation, and some additional pressure from other components, have increased the peak in headline inflation we expect in September by about 0.3 percentage points compared to our May projections. Food and energy prices are salient to consumers and often affect inflation expectations more than other prices. We have to be very careful that this does not lead to any additional second-round effects on wage and price setting in the UK economy. 4 The slight increase in the upside risk to inflation makes the second and third key judgements underlying our decision today all the more important. The second key judgement is that a margin of slack has opened up in the UK economy and the labour market is continuing to loosen."
BoE_202508_opening,20250807,opening,Governor,governor,0,opening,1,BoE_202508_opening_1,36,65,29,"While we expect it to pick up a little in coming quarters, growth in the UK economy remains subdued. Employment growth is weak and the ratio of vacancies to unemployment has fallen further. Surveys of capacity utilisation suggest growing spare capacity within firms. While real household incomes have risen over the past couple of years, consumption has not followed suit. The saving ratio remains notably above pre-pandemic levels, and we have for some time been expecting it to decline and support consumer spending. Consumers appear to remain more cautious than we have expected, perhaps exacerbated by broader downside risks to activity and the risk of more sudden adverse developments in the labour market. The third key judgment is that the margin of slack will act against remaining persistence in domestic price and wage setting to return inflation to the 2% target in the medium term. While inflation is somewhat higher in the first two years of our August baseline projection than in May, a margin of slack in the economy helps fully to normalise pay and price setting dynamics in the medium term. Accordingly, as Chart 4 shows, conditional on the market-implied path for Bank Rate, inflation returns to the 2% target in the second quarter of 2027 in our baseline projection and remains at target thereafter. 5 There are risks on both sides of this projection. The extent of the shift in global trade patterns and how this may come to affect external pressures on UK inflation remain uncertain. Recent domestic news suggests that the risks to inflation have shifted slightly more to the upside. The near-term peak is likely to be a bit higher than we previously expected and the risk of second-round effects means that it may take somewhat longer for inflation to return to target. At the same time, there are slightly more downside risks to activity. Economic growth is subdued, the labour market continues to loosen, and consumption growth may take longer to pick up. That, in turn, could lead to inflation falling below the 2% target further ahead. So do we put more weight on the recent pickup in inflation and the risk it poses to inflation persistence? Or do we put more weight on the risk that the recent weakness in activity could lead to inflation weakness further out? The answer is that we set monetary policy to reflect our assessment of the balance of risks. And we set monetary policy in a forward-looking manner to return inflation to the 2% target sustainably over the medium term. That sometimes means that we will be able to look through developments that we think are unlikely to last. But we stand ready to adjust our course if we see shifts in the balance of risks to the medium-term outlook for inflation. We will do what it takes to return inflation to our 2% target. At this meeting, the Monetary Policy Committee judged that a further 0.25 percentage points reduction in Bank Rate was appropriate. Based on the outlook for inflation, a gradual and careful approach to the further withdrawal of monetary policy restraint remains appropriate. The restrictiveness of monetary policy has fallen as Bank Rate has been reduced. The timing and pace of future reductions in the restrictiveness of policy will depend on the extent to which underlying disinflationary pressures continue to ease. Monetary policy is not on a pre-set path, and the Committee will remain responsive to the accumulation of evidence. With that, Dave, Clare and I will be happy to take your questions."
BoE_202508_transcript,20250807,transcript,Andrew Bailey,governor,3,opening,0,BoE_202508_transcript_0,0,10,9,"Well, I think I would say, Richard, to that is that as the report sets out and as you'll see in the box that we've included on food prices, which goes into food prices at some length, there are quite a lot of contributions to this. So, there's a lot of small, smallish contributions to this that make it up. Some of those are global energy, for instance, is predominantly being affected, obviously, by global developments, of which there have been a lot, a good part of the food price story is to do with commodity prices. And a good part of that is commodities which are not produced in this country. So, coffee and cocoa would be cocoa beans would be an obvious case in point. There is an element of, as we've said, of administered domestically administered. So, water bills, vehicle excise duty, packaging tax and the food industry which we again would do describe in the box. Now it's obviously a little bit hazardous to try to sort of pass those out. But I think it's a little bit under half in each of those two probably."
BoE_202511_opening,20251106,opening,Governor,governor,0,opening,0,BoE_202511_opening_0,0,9,10,"1 MONETARY POLICY PRESS CONFERENCE Thursday 6 November 2025 Opening Remarks by Andrew Bailey, Governor Today, we are presenting a new and improved package of communication reflecting the progress we have made in response to the Bernanke Review. In our minutes, the Monetary Policy Summary is shorter and more focused, while individual paragraphs set out the views of individual members of the Monetary Policy Committee. In the Monetary Policy Report, a Monetary Policy Overview sets out the main economic narrative underpinning our decision, while a range of boxes presents the key pieces of analysis that have informed it. And the Report now presents detailed scenarios with illustrative monetary policy responses in addition to our central projection. Together, the new Report and minutes are designed to allow us to adapt and respond in a world of greater uncertainty - putting greater weight on the key judgements behind our decisions, emphasising the underlying economics as much as precise numbers, drawing on a wider range of analysis and framing our discussions within a broader discussion of risks. This is a milestone in our response to the Bernanke review, one that is testament to the hard work and dedication of our excellent staff. But it is also a time of great sadness for us. During the preparations for the November meetings, we have lost a much loved and respected colleague, Pavandeep Dhami, who was a mainstay of supporting the MPC for a long time and whose insight and commitment helped shape the documents we publish today. So we dedicate this edition of the Monetary Policy Report to Pav. The new material presents more information about individual views on the Committee, but I should say at the outset that we are here at the press conference today to speak to the collective decision made by the MPC, and not to our individual paragraphs."
BoE_202511_opening,20251106,opening,Governor,governor,0,opening,1,BoE_202511_opening_1,11,68,49,"The stance of monetary policy has supported disinflation over the past nearly three years. That progress has allowed us to cut Bank Rate five times, gradually making monetary policy less restrictive, while still seeking to ensure that inflation falls back to our 2% target and stays there. 2 Headline inflation was 3.8% in August and September, partly reflecting developments in food and administered prices. Beneath the headline numbers, underlying price and wage pressures have continued to ease. We expect headline inflation to fall to close to 3% by early next year before gradually returning to the 2% target over the subsequent year. But risks to disinflation remain and we need to wait and see that the downward path of inflation becomes more established before we can cut Bank Rate again. Where monetary policy goes from here depends on how two big forces play out. On the one hand, inflation is still well above the 2% target. It is possible that it could be sticky, for example if increases in administered prices were repeated or if labour cost pressures continued to be elevated. There is a risk that the inflationary shocks we have had could have affected inflation expectations and the way wages and prices are determined in the economy. A scenario in the Report illustrates that the path of Bank Rate might have to be higher than otherwise in response. On the other hand, activity in the economy is below its potential. We see this most clearly in the labour market, where the number of vacancies has fallen and employment growth has stalled. There is a risk that households and businesses remain cautious about spending and investment, holding back demand and weighing on job prospects further. A scenario in the Report illustrates that the path of Bank Rate might have to be lower than otherwise in response. Monetary policy is being set to balance these risks in order to meet the 2% target sustainably, so that Bank Rate is neither too low nor too high. The first key judgement is that underlying domestic price and wage pressures are continuing to ease. Recent data suggest that the risk from greater inflation persistence has become less pronounced, and the risk to medium-term inflation from weaker demand more apparent, such that overall risks are now more balanced. As the central projection in the Report illustrates, and as reflected in the market curve, this means that we are likely to continue to be on a gradual downward path for Bank Rate. 3 Chart 1 shows twelve-month inflation in the Consumer Price Index since 2021 along with its components (coloured bars). The increase in inflation over the past year has been driven in large parts by the contributions from energy prices , which are no longer pulling inflation down, and higher food prices as well as increases in a number of administered prices that have held up the contributions from services prices . The shaded area shows how we expect headline inflation to ease again in the coming months as lower domestic cost growth passes through to lower services price inflation. As we look beyond the next six months, the effect of past increases in administered prices should also drop out. Provided they are not repeated next year, that should shave off another half a percentage point or so from services price inflation in the second quarter of next year. As Chart 2 shows, disinflation in underlying services price inflation has continued. Although progress had slowed in recent months, high-frequency measures moved lower in September. We expect the pass-through of non-wage labour costs - including from the increase in National Insurance contributions - to continue to limit declines in services price inflation in the next few months. 4 The decline in services price inflation is supported by a gradual normalisation of wage growth. As Chart 3 shows, annual private sector pay growth slowed to 4.4% in the three months to August , down from 4.9% in the three months to May and below the projection in the August Report. This recent slowdown is consistent with the signals from a range of other pay indicators. And we expect wage growth to ease further into next year (blue diamonds). That is not to say that the risk that the recent rise in prices could feed into more inflation through second-round effects has gone away. The recent pick-up in inflation has been driven in part by food and energy prices. These are salient to consumers and often affect inflation expectations. We have to remain careful that this does not lead to any additional second-round effects on wage and price setting in the UK economy. But while it is only one data point, it is encouraging that the peak in inflation in September was about 0.2 percentage points lower than we had expected in our August projection. Looking ahead over the whole of our forecast period, as in Chart 4, our November projection - which is conditional on the market-implied path for Bank Rate - suggests that CPI inflation will fall to close to 3% early next year and then decline gradually towards the 2% target after that. Some economic slack is needed to squeeze out the remaining stickiness of inflation. And moderate demand conditions, combined with spare capacity within firms, limits the scope for firms to pass on higher costs to prices. As disinflation progresses, however, there is a risk that activity cools too much or for too long. In our central projection, we expect growth to pick up gradually - to solid quarterly growth rates of about half a per cent towards the end of the forecast period. 6 As Chart 5 shows, while consumption growth has remained subdued, real household disposable income has recovered. That should support a recovery in consumption growth in coming quarters. But the pick-up in growth may prove harder to achieve if consumers remain cautious about spending in the face of high uncertainty and a weakening labour market. 7 And it has become clearer when I have been on the road with our Agents in recent months that the labour market is slowing down. As measured by the ratio of vacancies to unemployment, shown in Chart 6, further slack has emerged - not just through a reduction in unfilled job vacancies, as over the past year, but also through an increase in unemployment. This takes me to the second key judgement that - if disinflation continues - Bank Rate is likely to continue on a gradual downward path. The restrictiveness of monetary policy has fallen as Bank Rate has been reduced. So the extent of further reductions will depend on the outlook for inflation."
BoE_202511_opening,20251106,opening,Governor,governor,0,opening,2,BoE_202511_opening_2,69,88,18,"A gradual approach allows us to assess the balance of risks to inflation - on the upside from more inflation persistence, and the downside from weaker activity - as the evidence evolves. As you can see from the vote today, and from the Committee members' new individual paragraphs in the minutes, making this assessment involves weighing the evidence on both sides. Different members of the Committee have reached different conclusions on the balance of risks. Some members think something like the upside scenario is more likely than others, with the policy implications that come with that. Other members put more weight on something like the downside scenario, with implications for their views on policy. And with every cut in Bank Rate, how much further to go becomes a closer call. At this meeting, rather than cutting Bank Rate now, there was also an argument to wait and see that the downward path in inflation becomes more established. Leading up to our December meeting, we will get more data on inflation and cost pressures in the economy to help us make the right decision - and we will be able to analyse how this year's Budget might affect the economy and the outlook for inflation. As always, the MPC remains squarely focused on our remit to return inflation to our 2% target. I will add a few words on quantitative tightening as this is the first press conference since our decision in September to reduce the stock of UK government bond purchases held for monetary policy purposes by £70bn over the year from October 2025 to September 2026. On 11 November, the Bank will publish its next quarterly assessment of transactions in the Asset Purchase Facility where the bond purchases are held. Along with a summary and projection of cash flows associated with quantitative easing and tightening under the indemnity to the Bank, the upcoming APF Quarterly Report will 8 include a new measure which will take into account wider implications for government debt issuance and servicing costs, including continuing savings resulting from quantitative easing. This will show a somewhat different picture of the costs. Looking ahead, the Bank's policy is to meet the demand of the financial system for liquidity. Our approach is to transition to a demand-driven framework under which reserves will primarily be supplied by repo operations. This allows the Bank to reduce the Asset Purchase Facility in line with its monetary policy objectives and thereby reduce the exposure of the Bank and the wider public sector to interest rate risk, whilst the Bank provides the reserves through lending operations needed to maintain monetary and financial stability. This is important both in supporting the operation of financial markets, including the gilt market, and in reducing the future exposure to interest rate risk. And with that, Clare, Dave and I will be happy to answer your questions."
BoE_202511_transcript,20251106,transcript,Andrew Bailey,governor,2,opening,0,BoE_202511_transcript_0,1,6,6,"We only know one thing with certainty, that is, that there will be a budget on the 26th of November. Well, actually, the second thing with certainty, that will be before the next meeting of the MPC, so we will have an opportunity to consider the budget in the next round. As I'm sure, because we've said it many times, we condition our view of the economy and our projections on announced fiscal policy. So, the projections that you've seen here and that are in the report are conditioned on the fiscal policy that was announced in March. It's not for us to speculate what's going to be in the budget. That's for the Chancellor to announce in the budget, and we'll then respond to it."
